Tool_Id,tool_details,Tool_name,D22200001,Calculation_method,21424000,21423000,21422000,21421000,21413000,21412000,21411000,21414000,21415000,21431000,21432000,21433000,21434000,21441000,21442000,21443000,21444000,21445000,21446000,21447000,21311000,21312000,21313000,21321000,21322000,21323000,21324000,21331000,21332000,21333000,21334000,21335000,21111000,21112000,21113000,21114000,21115000,21121000,21122000,21123000,21124000,21125000,21126000,21131000,21132000,21134000,21141000,21511000,21521000,21522000,21523000,21531000,21532000,21533000,21711000,21712000,21713000,21714000,21715000,21716000,21717000,21721000,21722000,21723000,21724000,21731000,21732000,21211000,21212000,21213000,21214000,21215000,21216000,21221000,21222000,21223000,21231000,21232000,21233000,21611000,21612000,21613000,21614000,21621000,21622000,21623000,21624000,21625000,21631000,21632000,31421000,31422000,31411000,31412000,31431000,31432000,31433000,31434000,31435000,31436000,31311000,31312000,31321000,31334000,31111000,31112000,31121000,31122000,31123000,31124000,31125000,31126000,31131000,31132000,31141000,31511000,31521000,31522000,31523000,31531000,31532000,31533000,31711000,31712000,31713000,31714000,31715000,31716000,31721000,31722000,31723000,31724000,31731000,31732000,31211000,31212000,31221000,31611000,31612000,31613000,31621000,31622000,31623000,31631000,31632000,41411000,41412000,41421000,41422000,41423000,41424000,41425000,41426000,41311000,41312000,41321000,41334000,41141000,41511000,41711000,41721000,41722000,41723000,41724000,41731000,41211000,41212000,41221000,41611000,41612000,41613000,41621000,41622000,41623000,41631000,41632000,Solution Performance,Functionality,Problem-Solution Fit,Adaptive Capability,Problem Identification Accuracy,Relevance to Target Group,Severity Assessment,Engagement in Problem Definition,Local Contextual Understanding,Long-term Viability,Maintainability,Scalability,Economic Sustainability,Community Impact,Individual Empowerment,Social Equity,Cultural Sensitivity,Social Capital Building,Digital Knowledge,Perception of Psychological Belongingness,Loss of Skills and knowledge (reverse scale),Loss of Cultural Identity (reverse scale),Loss of Agency (reverse scale),Content and Design (reverse scale),Equality and Empowerment (reverse scale),Algorithmic Fairness,Data Representation Equity,Fraudulent activities (reverse scale),Inability to Access Collected Data (reverse scale),Data Leakage (reverse scale),Unauthorized Access (reverse scale),Unauthorized Commercialization of Data (reverse scale),Digital Availability,Quality and Functionality,Infrastructure Readiness,Integration with Existing Systems,Resilience and Security,Affordability,Cost of Access,Cost Transparency,Subsidy Availability,Cost of Transition,Cost Predictability,Ease of Adoption,Accessibility Features,Adaptation to local context,Communication Channels and Messaging,Tool Proefficiency,Appeal and Engagement,Perceived Value,User Satisfaction,Ease of Use,Error Management,Performance Efficiency,Training Availability,Training Relevance,Performance Monitoring and Feedback,Training Affordability,Documentation and Guidance,Training Support,Training Assessment and Feedback,Resource Availability,Inclusive Policies,Feedback Mechanisms,Collaboration Platforms,Community Engagement,Community Activeness,Data Privacy,Data Accessibility,Data Accuracy,Data Portability,Transparency of Data Practices,Bias Monitoring and Adaptation,Ethical Standards Adherence,Ethical Oversight,Impact Assessment,Continuous Reflection,Feedback Integration,Transparency and Communication,Collaboration Accessibility,Diversity and Representation,Collaborative Support,Co-creation Opportunities,Grassroots Engagement,Community-led Solutions,Local Knowledge Utilization,Capacity Building,Impact Assessment.1,Inclusive Decision-making,Transparency,I21423000,I21424000,I21422000,I21421000,I21413000,I21412000,I21411000,I21414000,I21415000,I21431000,I21432000,I21433000,I21434000,I21441000,I21442000,I21443000,I21444000,I21445000,I21446000,I21447000,I21311000,I21312000,I21313000,I21321000,I21322000,I21323000,I21324000,I21331000,I21332000,I21333000,I21334000,I21335000,I21111000,I21112000,I21113000,I21114000,I21115000,I21121000,I21122000,I21123000,I21124000,I21125000,I21126000,I21131000,I21132000,I21134000,I21141000,I21511000,I21521000,I21522000,I21523000,I21531000,I21532000,I21533000,I21711000,I21712000,I21713000,I21714000,I21715000,I21716000,I21717000,I21721000,I21722000,I21723000,I21724000,I21731000,I21732000,I21211000,I21212000,I21213000,I21214000,I21215000,I21216000,I21221000,I21222000,I21223000,I21231000,I21232000,I21233000,I21611000,I21612000,I21613000,I21614000,I21621000,I21622000,I21623000,I21624000,I21625000,I21631000,I21632000,S21420000,Solution Effectiveness,S21410000,Problem Relevance,S21430000,Sustainability,S21440000,Social Value Creation,S21310000,Long-term Loss,S21320000,Reinforcement of inequalities,S21330000,Data Misappropriation,S21110000,Infrastructure Accessibility,S21120000,Economic Accessibility,S21130000,Digital Accessibility,S21140000,Information Accessibility,S21510000,Digital Skill Enhancement,S21520000,Desirability,S21530000,Usability,S21710000,Knowledge-based Resources,S21720000,Enabling Policies,S21730000,Community Support,S21210000,Data Governance,S21220000,Ethical Compliance,S21230000,Reflexive Innovation,S21610000,Collaborative Innovation,S21620000,Grassroot Innovation Collaboration,S21630000,Inclusive Governance,D21100000,Beneficial Impact,D21300000,Risks and Harms,D21400000,Accessibility,D21500000,Usage Efficacy,D21700000,Supportive Ecosystem,D21200000,Ethical and Responsible Innovation,D21600000,Co-creation and Governance,MDII_Final_Score,D22200000,timestamp
WP_T03,"The tool assesses spatial and temporal fluctuations in wheat yield, assisting in decision-making for both irrigated and rainfed agriculture in various agroecological settings.",Wheat Water Productivity Tool (WWP),Wheat Water Productivity Tool (WWP),eav,,0.7024,0.7500,0.5000,0.7500,0.6250,0.7917,0.4167,0.7500,0.5000,1.0000,0.7500,,,,,,,,0.4405,0.7262,0.5774,0.1667,-0.1667,0.4583,0.5000,0.7500,1.0000,0.5833,,0.5000,,0.6786,0.6012,0.5000,1.0000,0.2500,0.5000,,0.1786,0.2143,0.3214,0.1845,,,,0.4464,,,,,,,,,,,,,,,,0.3095,,0.5833,0.6905,0.7083,-0.2500,,,,0.4881,0.5000,0.5000,0.0000,0.0000,,,,0.6607,0.1667,0.6250,0.5417,0.5238,0.0833,0.4405,0.4345,,0.6012,0.4881,,0.7024,0.6250,0.7917,,,,,,0.4405,0.7262,0.5774,0.4583,,0.6786,0.6012,0.5000,,,,,0.1845,,,0.4464,,,,,,,,,,,,,,,0.3095,,0.5833,0.6905,0.7083,,0.4881,,0.6607,0.6250,0.5417,0.5238,0.4405,0.4345,0.6012,0.4881,0.6250,0.7917,,,,,,0.4405,0.7262,0.5774,0.4583,0.5833,0.4464,,,,0.3095,,0.5833,0.6905,,0.4881,,0.6607,0.6250,0.5417,0.5238,0.4405,0.4345,0.6012,0.4881,,0.7024,0.7500,0.5000,0.7500,0.6250,0.7917,0.4167,0.7500,0.5000,1.0000,0.7500,,,,,,,,0.4405,,,,,,0.5000,0.7500,,,,,,0.6786,0.6012,0.5000,1.0000,0.2500,0.5000,,0.1786,0.2143,0.3214,0.1845,,,,0.4464,,,,,,,,,,,,,,,,0.3095,,0.5833,0.6905,0.7083,-0.2500,,,,0.4881,0.5000,0.5000,0.0000,0.0000,,,,0.6607,0.1667,0.6250,0.5417,0.5238,0.0833,0.4405,0.4345,,0.6012,0.4881,0.7024,,0.7500,0.5000,0.7500,0.6250,0.7917,0.4167,0.7500,0.5000,1.0000,0.7500,,,,,,,,0.4405,0.7262,0.5774,0.1667,-0.1667,0.4583,0.5000,0.7500,1.0000,0.5833,,0.5000,,0.6786,0.6012,0.5000,1.0000,0.2500,0.5000,,0.1786,0.2143,0.3214,0.1845,,,,0.4464,,,,,,,,,,,,,,,,0.3095,,0.5833,0.6905,0.7083,-0.2500,,,,0.4881,0.5000,0.5000,0.0000,0.0000,,,,0.6607,0.1667,0.6250,0.5417,0.5238,0.0833,0.4405,0.4345,,0.6012,0.4881,0.6508,0.6508,0.6667,0.6667,0.7500,0.7500,0.4405,0.4405,0.4901,0.4901,0.3854,0.3854,0.6944,0.6944,0.6060,0.6060,0.2798,0.2798,,,0.4464,0.4464,,,,,,,,,0.4464,0.4464,0.6994,0.6994,0.2460,0.2460,0.1667,0.1667,,,0.4985,0.4985,0.3705,0.3705,0.5446,0.5446,0.6270,0.6270,0.5233,0.5233,0.4440,0.4440,,,0.5729,0.5729,0.2063,0.2063,0.4712,0.4712,0.4741,0.4741,2026-02-23T02:13:47.747363+00:00
WP_T04,"The Irrigation Performance Assessment Tool (IPAT) tool is designed to assess the performance of the irrigation schemes in Lower Limpopo, Mozambique. The assessment is carried out using a set of remote sensing based and hybrid (remote sensing and field data) indicators relevant for the irrigation scheme",Irrigation performance assessment tool (IPAT) for Lower Limpopo,Irrigation performance assessment tool (IPAT) for Lower Limpopo,eav,,0.6661,0.5000,0.5000,0.7500,0.6429,0.7226,0.5000,0.5000,0.2500,0.2500,0.3750,,,,,,,,0.5488,0.8250,0.6952,0.7500,-0.2500,0.2262,0.2500,0.0000,0.7500,0.4548,,1.0000,,0.4643,0.4089,-0.2500,0.0000,-0.2500,0.5893,,0.3500,0.0500,0.1500,0.4286,,,,0.4976,,,,,,,,,,,,,,,,0.5762,,0.5679,0.7131,0.5375,-0.2500,,,,0.5690,0.0000,0.5000,0.0000,-0.2500,,,,0.5571,0.2500,0.5619,0.5512,0.5631,0.0000,0.5155,0.5333,,0.5333,0.5095,,0.6661,0.6429,0.7226,,,,,,0.5488,0.8250,0.6952,0.2262,,0.4643,0.4089,0.5893,,,,,0.4286,,,0.4976,,,,,,,,,,,,,,,0.5762,,0.5679,0.7131,0.5375,,0.5690,,0.5571,0.5619,0.5512,0.5631,0.5155,0.5333,0.5333,0.5095,0.6429,0.7226,,,,,,0.5488,0.8250,0.6952,0.2262,0.4548,0.4976,,,,0.5762,,0.5679,0.7131,,0.5690,,0.5571,0.5619,0.5512,0.5631,0.5155,0.5333,0.5333,0.5095,,0.6661,0.5000,0.5000,0.7500,0.6429,0.7226,0.5000,0.5000,0.2500,0.2500,0.3750,,,,,,,,0.5488,,,,,,0.2500,0.0000,,,,,,0.4643,0.4089,-0.2500,0.0000,-0.2500,0.5893,,0.3500,0.0500,0.1500,0.4286,,,,0.4976,,,,,,,,,,,,,,,,0.5762,,0.5679,0.7131,0.5375,-0.2500,,,,0.5690,0.0000,0.5000,0.0000,-0.2500,,,,0.5571,0.2500,0.5619,0.5512,0.5631,0.0000,0.5155,0.5333,,0.5333,0.5095,0.6661,,0.5000,0.5000,0.7500,0.6429,0.7226,0.5000,0.5000,0.2500,0.2500,0.3750,,,,,,,,0.5488,0.8250,0.6952,0.7500,-0.2500,0.2262,0.2500,0.0000,0.7500,0.4548,,1.0000,,0.4643,0.4089,-0.2500,0.0000,-0.2500,0.5893,,0.3500,0.0500,0.1500,0.4286,,,,0.4976,,,,,,,,,,,,,,,,0.5762,,0.5679,0.7131,0.5375,-0.2500,,,,0.5690,0.0000,0.5000,0.0000,-0.2500,,,,0.5571,0.2500,0.5619,0.5512,0.5631,0.0000,0.5155,0.5333,,0.5333,0.5095,0.5554,0.5554,0.6231,0.6231,0.2917,0.2917,0.5488,0.5488,0.7567,0.7567,0.0565,0.0565,0.7349,0.7349,0.0746,0.0746,0.3136,0.3136,,,0.4976,0.4976,,,,,,,,,0.5720,0.5720,0.6253,0.6253,0.1063,0.1063,0.0833,0.0833,,,0.4801,0.4801,0.4030,0.4030,0.5214,0.5214,0.5047,0.5047,0.5161,0.5161,0.2953,0.2953,,,0.5987,0.5987,0.0948,0.0948,0.4682,0.4682,0.4130,0.4130,2026-02-23T02:14:01.686141+00:00
WP_T05,Provides field based and remote sensing data sets to the Jordan Valley authority in Jordan. these are to be used to derive indicators for calculating water per kg of food produced.,Irrigation Performance,Irrigation Performance,eav,,0.8292,0.7500,0.5000,0.7500,0.7333,0.7125,1.0000,0.7500,0.5000,0.7500,1.0000,,,,,,,,0.3667,0.7313,0.7958,0.3750,0.6250,0.5417,-0.2500,0.5000,1.0000,0.5625,,0.5000,,0.5083,0.2958,0.2500,0.5000,0.5000,0.4375,,0.4000,0.3000,0.4500,0.6208,,,,0.6250,,,,,,,,,,,,,,,,0.5208,,0.7000,0.7750,0.4542,0.6250,,,,0.5375,-0.2500,0.7500,-0.1250,-0.2500,,,,0.6042,0.5000,0.6542,0.6250,0.4792,0.8750,0.5750,0.5750,,0.5333,0.6708,,0.8292,0.7333,0.7125,,,,,,0.3667,0.7313,0.7958,0.5417,,0.5083,0.2958,0.4375,,,,,0.6208,,,0.6250,,,,,,,,,,,,,,,0.5208,,0.7000,0.7750,0.4542,,0.5375,,0.6042,0.6542,0.6250,0.4792,0.5750,0.5750,0.5333,0.6708,0.7333,0.7125,,,,,,0.3667,0.7313,0.7958,0.5417,0.5625,0.6250,,,,0.5208,,0.7000,0.7750,,0.5375,,0.6042,0.6542,0.6250,0.4792,0.5750,0.5750,0.5333,0.6708,,0.8292,0.7500,0.5000,0.7500,0.7333,0.7125,1.0000,0.7500,0.5000,0.7500,1.0000,,,,,,,,0.3667,,,,,,-0.2500,0.5000,,,,,,0.5083,0.2958,0.2500,0.5000,0.5000,0.4375,,0.4000,0.3000,0.4500,0.6208,,,,0.6250,,,,,,,,,,,,,,,,0.5208,,0.7000,0.7750,0.4542,0.6250,,,,0.5375,-0.2500,0.7500,-0.1250,-0.2500,,,,0.6042,0.5000,0.6542,0.6250,0.4792,0.8750,0.5750,0.5750,,0.5333,0.6708,0.8292,,0.7500,0.5000,0.7500,0.7333,0.7125,1.0000,0.7500,0.5000,0.7500,1.0000,,,,,,,,0.3667,0.7313,0.7958,0.3750,0.6250,0.5417,-0.2500,0.5000,1.0000,0.5625,,0.5000,,0.5083,0.2958,0.2500,0.5000,0.5000,0.4375,,0.4000,0.3000,0.4500,0.6208,,,,0.6250,,,,,,,,,,,,,,,,0.5208,,0.7000,0.7750,0.4542,0.6250,,,,0.5375,-0.2500,0.7500,-0.1250,-0.2500,,,,0.6042,0.5000,0.6542,0.6250,0.4792,0.8750,0.5750,0.5750,,0.5333,0.6708,0.6931,0.6931,0.7892,0.7892,0.7500,0.7500,0.3667,0.3667,0.6340,0.6340,0.3542,0.3542,0.6875,0.6875,0.4108,0.4108,0.4417,0.4417,,,0.6250,0.6250,,,,,,,,,0.6104,0.6104,0.6146,0.6146,0.3042,0.3042,0.1250,0.1250,,,0.5958,0.5958,0.6260,0.6260,0.6021,0.6021,0.6497,0.6497,0.5586,0.5586,0.4925,0.4925,,,0.6125,0.6125,0.2146,0.2146,0.6080,0.6080,0.5226,0.5226,2026-02-23T02:14:09.343765+00:00
WP_T06,"The tool integrates data on weather forecasts, transpiration, and soils moisture to offer practical advice to farmers on how to optimally use water for irrigation.",IREY App (with short term forecast),IREY App (with short term forecast),re,0.2679,0.6354,0.5000,0.7500,0.7500,0.7604,0.7188,0.8750,0.7500,0.7500,0.5000,0.7500,1.0000,0.4107,0.4286,0.2857,0.7500,0.6250,0.6607,0.4911,0.8229,0.8229,0.2500,0.1250,0.6042,0.2500,0.7500,0.5000,0.7292,0.3750,0.6250,1.0000,0.6786,0.5446,0.4167,0.3333,0.3333,0.2857,0.5268,0.5313,0.2723,0.4271,0.5848,0.4286,0.5000,0.7500,0.5446,0.6146,0.7083,0.6771,,0.6771,0.4896,0.6146,0.5313,0.5729,0.4167,0.3500,0.3646,0.3854,0.7500,0.5000,0.3188,0.3438,0.3438,0.3750,0.3125,0.6667,0.4750,0.6667,0.4167,0.6250,0.3750,0.1250,0.2500,0.3750,0.6667,0.6667,0.6188,0.5625,0.5000,0.7750,0.7500,0.5875,0.8750,0.3938,0.5875,0.1250,0.4625,0.4313,0.2679,0.6354,0.7604,0.7188,0.4107,0.4286,0.2857,0.6250,0.6607,0.4911,0.8229,0.8229,0.6042,0.7292,0.6786,0.5446,0.2857,0.5268,0.5313,0.2723,0.4271,0.5848,0.4286,0.5000,0.5446,0.6146,0.7083,0.6771,0.7917,0.6771,0.4896,0.6146,0.5313,0.5729,0.4167,0.3500,0.3646,0.3854,0.5000,0.3188,0.3438,0.3438,0.3750,0.3125,0.4750,0.6250,0.6188,0.5625,0.7750,0.7500,0.5875,0.3938,0.5875,0.4625,0.4313,0.7604,0.7188,0.4107,0.4286,0.2857,0.6250,0.6607,0.4911,0.8229,0.8229,0.6042,0.7292,0.5446,0.6771,0.4167,0.5000,0.3188,0.3438,0.3438,0.3750,0.4750,0.6250,0.6188,0.5625,0.7750,0.7500,0.5875,0.3938,0.5875,0.4625,0.4313,0.2679,0.6354,0.5000,0.7500,0.7500,0.7604,0.7188,0.8750,0.7500,0.7500,0.5000,0.7500,1.0000,0.4107,0.4286,0.2857,0.7500,0.6250,0.6607,0.4911,0.8229,0.8229,0.2500,0.1250,0.6042,0.2500,0.7500,0.5000,0.7292,0.3750,0.6250,1.0000,0.6786,0.5446,0.4167,0.3333,0.3333,0.2857,0.5268,0.5313,0.2723,0.4271,0.5848,0.4286,0.5000,0.7500,0.5446,0.6146,0.7083,0.6771,0.7917,0.6771,0.4896,0.6146,0.5313,0.5729,0.4167,0.3500,0.3646,0.3854,0.7500,0.5000,0.3188,0.3438,0.3438,0.3750,0.3125,0.6667,0.4750,0.6667,0.4167,0.6250,0.3750,0.1250,0.2500,0.1250,0.6667,0.6667,0.6188,0.5625,0.5000,0.7750,0.7500,0.5875,0.8750,0.3938,0.5875,,0.4625,0.4313,0.6354,0.2679,0.5000,0.7500,0.7500,0.7604,0.7188,0.8750,0.7500,0.7500,0.5000,0.7500,1.0000,0.4107,0.4286,0.2857,0.7500,0.6250,0.6607,0.4911,0.8229,0.8229,0.2500,0.1250,0.6042,0.2500,0.7500,0.5000,0.7292,0.3750,0.6250,1.0000,0.6786,0.5446,0.4167,0.3333,0.3333,0.2857,0.5268,0.5313,0.2723,0.4271,0.5848,0.4286,0.5000,0.7500,0.5446,0.6146,0.7083,0.6771,,0.6771,0.4896,0.6146,0.5313,0.5729,0.4167,0.3500,0.3646,0.3854,0.7500,0.5000,0.3188,0.3438,0.3438,0.3750,0.3125,0.6667,0.4750,0.6667,0.4167,0.6250,0.3750,0.1250,0.2500,0.3750,0.6667,0.6667,0.6188,0.5625,0.5000,0.7750,0.7500,0.5875,0.8750,0.3938,0.5875,0.1250,0.4625,0.4313,0.5383,0.5383,0.7708,0.7708,0.7500,0.7500,0.5217,0.5217,0.6319,0.6319,0.4323,0.4323,0.6458,0.6458,0.4613,0.4613,0.4380,0.4380,0.5595,0.5595,0.5446,0.5446,0.6146,0.6146,0.7257,0.7257,0.5938,0.5938,0.4815,0.4815,0.3766,0.3766,0.3438,0.3438,0.5375,0.5375,0.2500,0.2500,0.6507,0.6507,0.6469,0.6469,0.5138,0.5138,0.4469,0.4469,0.6452,0.6452,0.5700,0.5700,0.5009,0.5009,0.6447,0.6447,0.4006,0.4006,0.4794,0.4794,0.5358,0.5358,0.5395,0.5395,2026-02-23T02:14:18.251687+00:00
WP_T07,"It calculates decadal water use by comparing actual evapotranspiration with precipitation, enabling precise estimation of irrigation water use at different scales and time periods",Water Use Tool,Water Use Tool,eav,,0.6604,0.7500,0.7500,0.7500,0.7242,0.5431,0.7500,0.7500,0.5000,0.7500,0.7500,,,,,,,,0.4625,0.5042,0.6621,0.2500,-0.1250,0.6189,-0.2500,0.5000,1.0000,0.4758,,-0.2500,,0.6114,0.3568,0.7500,-0.2500,-0.2500,0.5909,,0.7000,0.0500,0.3000,0.3000,,,,0.4500,,,,,,,,,,,,,,,,0.4826,,0.6379,0.5405,0.5295,0.5000,,,,0.3788,0.5000,0.2500,0.2500,0.2500,,,,0.6973,0.6250,0.5277,0.7591,0.6311,0.7500,0.4394,0.5000,,0.5250,0.4208,,0.6604,0.7242,0.5431,,,,,,0.4625,0.5042,0.6621,0.6189,,0.6114,0.3568,0.5909,,,,,0.3000,,,0.4500,,,,,,,,,,,,,,,0.4826,,0.6379,0.5405,0.5295,,0.3788,,0.6973,0.5277,0.7591,0.6311,0.4394,0.5000,0.5250,0.4208,0.7242,0.5431,,,,,,0.4625,0.5042,0.6621,0.6189,0.4758,0.4500,,,,0.4826,,0.6379,0.5405,,0.3788,,0.6973,0.5277,0.7591,0.6311,0.4394,0.5000,0.5250,0.4208,,0.6604,0.7500,0.7500,0.7500,0.7242,0.5431,0.7500,0.7500,0.5000,0.7500,0.7500,,,,,,,,0.4625,,,,,,-0.2500,0.5000,,,,,,0.6114,0.3568,0.7500,-0.2500,-0.2500,0.5909,,0.7000,0.0500,0.3000,0.3000,,,,0.4500,,,,,,,,,,,,,,,,0.4826,,0.6379,0.5405,0.5295,0.5000,,,,0.3788,0.5000,0.2500,0.2500,0.2500,,,,0.6973,0.6250,0.5277,0.7591,0.6311,0.7500,0.4394,0.5000,,0.5250,0.4208,0.6604,,0.7500,0.7500,0.7500,0.7242,0.5431,0.7500,0.7500,0.5000,0.7500,0.7500,,,,,,,,0.4625,0.5042,0.6621,0.2500,-0.1250,0.6189,-0.2500,0.5000,1.0000,0.4758,,-0.2500,,0.6114,0.3568,0.7500,-0.2500,-0.2500,0.5909,,0.7000,0.0500,0.3000,0.3000,,,,0.4500,,,,,,,,,,,,,,,,0.4826,,0.6379,0.5405,0.5295,0.5000,,,,0.3788,0.5000,0.2500,0.2500,0.2500,,,,0.6973,0.6250,0.5277,0.7591,0.6311,0.7500,0.4394,0.5000,,0.5250,0.4208,0.7201,0.7201,0.7035,0.7035,0.6667,0.6667,0.4625,0.4625,0.4721,0.4721,0.1860,0.1860,0.4086,0.4086,0.2436,0.2436,0.3882,0.3882,,,0.4500,0.4500,,,,,,,,,0.5602,0.5602,0.5350,0.5350,0.4596,0.4596,0.2500,0.2500,,,0.6523,0.6523,0.5801,0.5801,0.4729,0.4729,0.6382,0.6382,0.3556,0.3556,0.3606,0.3606,,,0.5476,0.5476,0.3548,0.3548,0.5684,0.5684,0.4709,0.4709,2026-02-23T02:14:30.259405+00:00
WP_T09,"Using satellite and groundtruthed data, the tool monitors and forecasts drought in Pakistan and provides this information to government agencies and rural communities to help in putting in place mitigation measures",Drought Early Warning,Drought Early Warning,eav,,0.7393,1.0000,1.0000,1.0000,0.8054,0.7885,1.0000,1.0000,0.2500,0.5000,1.0000,,,,,,,,0.5308,0.7942,0.7268,-0.2500,-0.2500,0.4464,0.5000,0.5000,1.0000,0.7589,,0.7500,,0.4375,0.4625,0.5000,0.7500,0.2500,0.4821,,0.5000,0.2000,0.5000,0.5577,,,,0.7125,,,,,,,,,,,,,,,,0.4804,,0.8308,0.6904,0.7146,0.7500,,,,0.5558,0.5000,0.5000,0.2500,0.2500,,,,0.7519,0.7500,0.7212,0.7942,0.7058,0.7500,0.5192,0.6404,,0.6019,0.6269,,0.7393,0.8054,0.7885,,,,,,0.5308,0.7942,0.7268,0.4464,,0.4375,0.4625,0.4821,,,,,0.5577,,,0.7125,,,,,,,,,,,,,,,0.4804,,0.8308,0.6904,0.7146,,0.5558,,0.7519,0.7212,0.7942,0.7058,0.5192,0.6404,0.6019,0.6269,0.8054,0.7885,,,,,,0.5308,0.7942,0.7268,0.4464,0.7589,0.7125,,,,0.4804,,0.8308,0.6904,,0.5558,,0.7519,0.7212,0.7942,0.7058,0.5192,0.6404,0.6019,0.6269,,0.7393,1.0000,1.0000,1.0000,0.8054,0.7885,1.0000,1.0000,0.2500,0.5000,1.0000,,,,,,,,0.5308,,,,,,0.5000,0.5000,,,,,,0.4375,0.4625,0.5000,0.7500,0.2500,0.4821,,0.5000,0.2000,0.5000,0.5577,,,,0.7125,,,,,,,,,,,,,,,,0.4804,,0.8308,0.6904,0.7146,0.7500,,,,0.5558,0.5000,0.5000,0.2500,0.2500,,,,0.7519,0.7500,0.7212,0.7942,0.7058,0.7500,0.5192,0.6404,,0.6019,0.6269,0.7393,,1.0000,1.0000,1.0000,0.8054,0.7885,1.0000,1.0000,0.2500,0.5000,1.0000,,,,,,,,0.5308,0.7942,0.7268,-0.2500,-0.2500,0.4464,0.5000,0.5000,1.0000,0.7589,,0.7500,,0.4375,0.4625,0.5000,0.7500,0.2500,0.4821,,0.5000,0.2000,0.5000,0.5577,,,,0.7125,,,,,,,,,,,,,,,,0.4804,,0.8308,0.6904,0.7146,0.7500,,,,0.5558,0.5000,0.5000,0.2500,0.2500,,,,0.7519,0.7500,0.7212,0.7942,0.7058,0.7500,0.5192,0.6404,,0.6019,0.6269,0.9131,0.9131,0.9188,0.9188,0.5833,0.5833,0.5308,0.5308,0.4237,0.4237,0.2991,0.2991,0.8363,0.8363,0.4800,0.4800,0.4480,0.4480,,,0.7125,0.7125,,,,,,,,,0.6556,0.6556,0.7025,0.7025,0.6019,0.6019,0.3333,0.3333,,,0.7543,0.7543,0.6538,0.6538,0.6144,0.6144,0.7365,0.7365,0.5197,0.5197,0.5468,0.5468,,,0.6790,0.6790,0.4676,0.4676,0.6742,0.6742,0.6040,0.6040,2026-02-23T02:14:39.532891+00:00
MDII-MaliDMS-240725,None,MaliDMS,MaliDMS,eav,,0.7986,0.7500,1.0000,1.0000,0.6979,0.8438,1.0000,1.0000,0.5000,0.5000,0.5000,,,,,,,,0.6250,0.7396,0.7083,1.0000,0.7500,0.8472,0.7500,0.5000,0.7500,0.6250,,0.5000,,0.5069,0.4757,0.5000,0.7500,0.5000,0.4861,,0.6250,0.0625,0.1875,0.5139,,,,0.6632,,,,,,,,,,,,,,,,0.5382,,0.6944,0.7153,0.6597,0.5000,,,,0.7500,0.2500,0.5000,0.2500,0.5000,,,,0.8507,1.0000,0.7153,0.6875,0.7014,1.0000,0.7049,0.6667,,0.6979,0.6563,,0.7986,0.6979,0.8438,,,,,,0.6250,0.7396,0.7083,0.8472,,0.5069,0.4757,0.4861,,,,,0.5139,,,0.6632,,,,,,,,,,,,,,,0.5382,,0.6944,0.7153,0.6597,,0.7500,,0.8507,0.7153,0.6875,0.7014,0.7049,0.6667,0.6979,0.6563,0.6979,0.8438,,,,,,0.6250,0.7396,0.7083,0.8472,0.6250,0.6632,,,,0.5382,,0.6944,0.7153,,0.7500,,0.8507,0.7153,0.6875,0.7014,0.7049,0.6667,0.6979,0.6563,,0.7986,0.7500,1.0000,1.0000,0.6979,0.8438,1.0000,1.0000,0.5000,0.5000,0.5000,,,,,,,,0.6250,,,,,,0.7500,0.5000,,,,,,0.5069,0.4757,0.5000,0.7500,0.5000,0.4861,,0.6250,0.0625,0.1875,0.5139,,,,0.6632,,,,,,,,,,,,,,,,0.5382,,0.6944,0.7153,0.6597,0.5000,,,,0.7500,0.2500,0.5000,0.2500,0.5000,,,,0.8507,1.0000,0.7153,0.6875,0.7014,1.0000,0.7049,0.6667,,0.6979,0.6563,0.7986,,0.7500,1.0000,1.0000,0.6979,0.8438,1.0000,1.0000,0.5000,0.5000,0.5000,,,,,,,,0.6250,0.7396,0.7083,1.0000,0.7500,0.8472,0.7500,0.5000,0.7500,0.6250,,0.5000,,0.5069,0.4757,0.5000,0.7500,0.5000,0.4861,,0.6250,0.0625,0.1875,0.5139,,,,0.6632,,,,,,,,,,,,,,,,0.5382,,0.6944,0.7153,0.6597,0.5000,,,,0.7500,0.2500,0.5000,0.2500,0.5000,,,,0.8507,1.0000,0.7153,0.6875,0.7014,1.0000,0.7049,0.6667,,0.6979,0.6563,0.8495,0.8495,0.9083,0.9083,0.5000,0.5000,0.6250,0.6250,0.8160,0.8160,0.7118,0.7118,0.6250,0.6250,0.5465,0.5465,0.3750,0.3750,,,0.6632,0.6632,,,,,,,,,0.6163,0.6163,0.6875,0.6875,0.5000,0.5000,0.4167,0.4167,,,0.8134,0.8134,0.7682,0.7682,0.6771,0.6771,0.7207,0.7207,0.7176,0.7176,0.5282,0.5282,,,0.6519,0.6519,0.4583,0.4583,0.7529,0.7529,0.6383,0.6383,2026-02-23T02:15:10.147039+00:00
WP_T02,None,Area Yield Index Insurance Tool(AYII),Area Yield Index Insurance Tool(AYII),eav,,0.5333,0.6250,0.3750,0.5000,0.5972,0.7111,0.7500,0.2500,0.0000,0.5000,-0.2500,,,,,,,,0.5028,0.8833,0.8583,-0.2500,0.5000,0.5250,0.2500,0.2500,0.7500,0.6111,,0.5000,,0.6250,0.5083,0.2500,0.5000,0.2500,0.2750,,0.2500,-0.0833,0.1250,0.4792,,,,0.6028,,,,,,,,,,,,,,,,0.3361,,0.4889,0.7111,0.5375,0.2500,,,,0.5333,0.0000,0.2500,0.0000,0.2500,,,,0.6333,0.5000,0.5278,0.5722,0.6167,0.5000,0.4944,0.5583,,0.4917,0.4472,,0.5333,0.5972,0.7111,,,,,,0.5028,0.8833,0.8583,0.5250,,0.6250,0.5083,0.2750,,,,,0.4792,,,0.6028,,,,,,,,,,,,,,,0.3361,,0.4889,0.7111,0.5375,,0.5333,,0.6333,0.5278,0.5722,0.6167,0.4944,0.5583,0.4917,0.4472,0.5972,0.7111,,,,,,0.5028,0.8833,0.8583,0.5250,0.6111,0.6028,,,,0.3361,,0.4889,0.7111,,0.5333,,0.6333,0.5278,0.5722,0.6167,0.4944,0.5583,0.4917,0.4472,,0.5333,0.6250,0.3750,0.5000,0.5972,0.7111,0.7500,0.2500,0.0000,0.5000,-0.2500,,,,,,,,0.5028,,,,,,0.2500,0.2500,,,,,,0.6250,0.5083,0.2500,0.5000,0.2500,0.2750,,0.2500,-0.0833,0.1250,0.4792,,,,0.6028,,,,,,,,,,,,,,,,0.3361,,0.4889,0.7111,0.5375,0.2500,,,,0.5333,0.0000,0.2500,0.0000,0.2500,,,,0.6333,0.5000,0.5278,0.5722,0.6167,0.5000,0.4944,0.5583,,0.4917,0.4472,0.5333,,0.6250,0.3750,0.5000,0.5972,0.7111,0.7500,0.2500,0.0000,0.5000,-0.2500,,,,,,,,0.5028,0.8833,0.8583,-0.2500,0.5000,0.5250,0.2500,0.2500,0.7500,0.6111,,0.5000,,0.6250,0.5083,0.2500,0.5000,0.2500,0.2750,,0.2500,-0.0833,0.1250,0.4792,,,,0.6028,,,,,,,,,,,,,,,,0.3361,,0.4889,0.7111,0.5375,0.2500,,,,0.5333,0.0000,0.2500,0.0000,0.2500,,,,0.6333,0.5000,0.5278,0.5722,0.6167,0.5000,0.4944,0.5583,,0.4917,0.4472,0.5111,0.5111,0.5617,0.5617,0.0833,0.0833,0.5028,0.5028,0.4972,0.4972,0.3813,0.3813,0.6204,0.6204,0.4267,0.4267,0.2092,0.2092,,,0.6028,0.6028,,,,,,,,,0.4125,0.4125,0.6243,0.6243,0.2611,0.2611,0.1667,0.1667,,,0.5583,0.5583,0.5424,0.5424,0.4694,0.4694,0.4147,0.4147,0.4996,0.4996,0.4129,0.4129,,,0.5184,0.5184,0.2139,0.2139,0.5234,0.5234,0.4305,0.4305,2026-02-24T05:41:15.104489+00:00
WP_T01,"The tool help compute agricultural water use, crop water requirements, and assessment of irrigation performance indicators.",IMISET,IMISET,re,0.5000,0.3125,0.8333,0.7500,0.7500,0.6250,0.8125,0.7500,0.5833,0.2500,0.2500,0.7500,0.0000,0.3125,0.3125,0.1250,0.5000,0.3125,0.3750,0.2500,0.7813,0.9375,0.1250,0.3750,0.7500,0.2500,0.1250,0.8750,0.2813,0.3750,0.7500,0.8750,0.2500,0.1563,0.3750,0.7500,0.0000,0.1563,0.1667,0.0313,0.2813,0.4375,0.1563,0.2500,0.2500,0.3333,0.4688,0.3750,0.4375,0.7500,,0.4375,0.2500,0.3750,0.3438,0.2813,0.3125,0.5000,0.5000,0.1563,0.3750,0.4375,0.3750,0.4375,0.5938,0.4375,0.0313,0.3750,0.1563,0.5000,0.6250,0.5000,0.1250,0.1250,0.0000,0.1250,0.5000,0.0833,0.3125,0.3125,0.3750,0.3750,0.3125,0.3750,0.5000,0.2188,0.1875,0.1250,0.4688,0.3750,0.5000,0.3125,0.6250,0.8125,0.3125,0.3125,0.1250,0.3125,0.3750,0.2500,0.7813,0.9375,0.7500,0.2813,0.2500,0.1563,0.1563,0.1667,0.0313,0.2813,0.4375,0.1563,0.2500,0.2500,0.4688,0.3750,0.4375,0.7500,0.7500,0.4375,0.2500,0.3750,0.3438,0.2813,0.3125,0.5000,0.5000,0.1563,0.4375,0.3750,0.4375,0.5938,0.4375,0.0313,0.1563,0.5000,0.3125,0.3125,0.3750,0.3125,0.3750,0.2188,0.1875,0.4688,0.3750,0.6250,0.8125,0.3125,0.3125,0.1250,0.3125,0.3750,0.2500,0.7813,0.9375,0.7500,0.2813,0.4688,0.7500,0.3125,0.4375,0.3750,0.4375,0.5938,0.4375,0.1563,0.5000,0.3125,0.3125,0.3750,0.3125,0.3750,0.2188,0.1875,0.4688,0.3750,0.5000,0.3125,0.8333,0.7500,0.7500,0.6250,0.8125,0.7500,0.5833,0.2500,0.2500,0.7500,0.0000,0.3125,0.3125,0.1250,0.5000,0.3125,0.3750,0.2500,0.7813,0.9375,0.1250,0.3750,0.7500,0.2500,0.1250,0.8750,0.2813,0.3750,0.7500,0.8750,0.2500,0.1563,0.3750,0.7500,0.0000,0.1563,0.1667,0.0313,0.2813,0.4375,0.1563,0.2500,0.2500,0.3333,0.4688,0.3750,0.4375,0.7500,0.7500,0.4375,0.2500,0.3750,0.3438,0.2813,0.3125,0.5000,0.5000,0.1563,0.3750,0.4375,0.3750,0.4375,0.5938,0.4375,0.0313,0.3750,0.1563,0.5000,0.6250,0.5000,0.1250,0.1250,0.0000,0.1250,0.5000,0.0833,0.3125,0.3125,0.3750,0.3750,0.3125,0.3750,0.5000,0.2188,0.1875,,0.4688,0.3750,0.3125,0.5000,0.8333,0.7500,0.7500,0.6250,0.8125,0.7500,0.5833,0.2500,0.2500,0.7500,0.0000,0.3125,0.3125,0.1250,0.5000,0.3125,0.3750,0.2500,0.7813,0.9375,0.1250,0.3750,0.7500,0.2500,0.1250,0.8750,0.2813,0.3750,0.7500,0.8750,0.2500,0.1563,0.3750,0.7500,0.0000,0.1563,0.1667,0.0313,0.2813,0.4375,0.1563,0.2500,0.2500,0.3333,0.4688,0.3750,0.4375,0.7500,,0.4375,0.2500,0.3750,0.3438,0.2813,0.3125,0.5000,0.5000,0.1563,0.3750,0.4375,0.3750,0.4375,0.5938,0.4375,0.0313,0.3750,0.1563,0.5000,0.6250,0.5000,0.1250,0.1250,0.0000,0.1250,0.5000,0.0833,0.3125,0.3125,0.3750,0.3750,0.3125,0.3750,0.5000,0.2188,0.1875,0.1250,0.4688,0.3750,0.5990,0.5990,0.7042,0.7042,0.3125,0.3125,0.3125,0.3125,0.6146,0.6146,0.3750,0.3750,0.6313,0.6313,0.3063,0.3063,0.2049,0.2049,0.2778,0.2778,0.4688,0.4688,0.3750,0.3750,0.6458,0.6458,0.3542,0.3542,0.3527,0.3527,0.4609,0.4609,0.2344,0.2344,0.3802,0.3802,0.0833,0.0833,0.2986,0.2986,0.3438,0.3438,0.2813,0.2813,0.4219,0.4219,0.4820,0.4820,0.5403,0.5403,0.3144,0.3144,0.4583,0.4583,0.3493,0.3493,0.2541,0.2541,0.3490,0.3490,0.3925,0.3925,2026-02-24T09:21:14.655240+00:00
INT_T02,None,Farmeline business to farmer services,Farmeline business to farmer services,re,0.7708,0.8125,0.7500,0.7500,0.5000,0.9792,0.8125,0.7500,1.0000,0.8750,0.8750,0.3750,0.8750,0.5208,0.3958,-0.0833,0.8750,0.6042,0.3750,0.3750,0.9583,0.9583,0.8750,0.8750,0.5625,0.7500,0.7500,1.0000,0.9375,1.0000,1.0000,1.0000,0.7500,0.2083,0.0000,0.6250,0.5000,0.5625,0.5208,0.7292,0.0833,0.4792,0.4792,1.0000,0.6667,1.0000,0.7708,0.6250,0.7708,0.8333,,0.7708,0.4583,0.9167,0.3333,0.0833,-0.0417,0.3542,0.0000,0.0417,0.7500,0.3333,0.0417,0.6250,0.7708,0.7083,0.7083,0.7500,0.3750,0.5000,0.6250,0.6875,0.7500,1.0000,1.0000,0.7500,1.0000,1.0000,0.2917,0.2500,0.3750,0.2500,0.2917,0.2500,0.7500,0.2917,0.2500,0.3750,0.2917,0.1667,0.7708,0.8125,0.9792,0.8125,0.5208,0.3958,-0.0833,0.6042,0.3750,0.3750,0.9583,0.9583,0.5625,0.9375,0.7500,0.2083,0.5625,0.5208,0.7292,0.0833,0.4792,0.4792,1.0000,0.6667,0.7708,0.6250,0.7708,0.8333,0.7917,0.7708,0.4583,0.9167,0.3333,0.0833,-0.0417,0.3542,0.0000,0.0417,0.3333,0.0417,0.6250,0.7708,0.7083,0.7083,0.3750,0.6875,0.2917,0.2500,0.2500,0.2917,0.2500,0.2917,0.2500,0.2917,0.1667,0.9792,0.8125,0.5208,0.3958,-0.0833,0.6042,0.3750,0.3750,0.9583,0.9583,0.5625,0.9375,0.7708,0.8333,-0.0417,0.3333,0.0417,0.6250,0.7708,0.7083,0.3750,0.6875,0.2917,0.2500,0.2500,0.2917,0.2500,0.2917,0.2500,0.2917,0.1667,0.7708,0.8125,0.7500,0.7500,0.5000,0.9792,0.8125,0.7500,1.0000,0.8750,0.8750,0.3750,0.8750,0.5208,0.3958,-0.0833,0.8750,0.6042,0.3750,0.3750,0.9583,0.9583,0.8750,0.8750,0.5625,0.7500,0.7500,1.0000,0.9375,1.0000,1.0000,1.0000,0.7500,0.2083,0.0000,0.6250,0.5000,0.5625,0.5208,0.7292,0.0833,0.4792,0.4792,1.0000,0.6667,1.0000,0.7708,0.6250,0.7708,0.8333,0.7917,0.7708,0.4583,0.9167,0.3333,0.0833,-0.0417,0.3542,0.0000,0.0417,0.7500,0.3333,0.0417,0.6250,0.7708,0.7083,0.7083,0.7500,0.3750,0.5000,0.6250,0.6875,0.7500,1.0000,1.0000,0.3750,1.0000,1.0000,0.2917,0.2500,0.3750,0.2500,0.2917,0.2500,0.7500,0.2917,0.2500,,0.2917,0.1667,0.8125,0.7708,0.7500,0.7500,0.5000,0.9792,0.8125,0.7500,1.0000,0.8750,0.8750,0.3750,0.8750,0.5208,0.3958,-0.0833,0.8750,0.6042,0.3750,0.3750,0.9583,0.9583,0.8750,0.8750,0.5625,0.7500,0.7500,1.0000,0.9375,1.0000,1.0000,1.0000,0.7500,0.2083,0.0000,0.6250,0.5000,0.5625,0.5208,0.7292,0.0833,0.4792,0.4792,1.0000,0.6667,1.0000,0.7708,0.6250,0.7708,0.8333,,0.7708,0.4583,0.9167,0.3333,0.0833,-0.0417,0.3542,0.0000,0.0417,0.7500,0.3333,0.0417,0.6250,0.7708,0.7083,0.7083,0.7500,0.3750,0.5000,0.6250,0.6875,0.7500,1.0000,1.0000,0.7500,1.0000,1.0000,0.2917,0.2500,0.3750,0.2500,0.2917,0.2500,0.7500,0.2917,0.2500,0.3750,0.2917,0.1667,0.7708,0.7708,0.8083,0.8083,0.7500,0.7500,0.4375,0.4375,0.9306,0.9306,0.7344,0.7344,0.9875,0.9875,0.4167,0.4167,0.4757,0.4757,0.8889,0.8889,0.7708,0.7708,0.6250,0.6250,0.7986,0.7986,0.7153,0.7153,0.2173,0.2173,0.4427,0.4427,0.7083,0.7083,0.6146,0.6146,0.9167,0.9167,0.7639,0.7639,0.2917,0.2917,0.3833,0.3833,0.2292,0.2292,0.6917,0.6917,0.8841,0.8841,0.6380,0.6380,0.7130,0.7130,0.4561,0.4561,0.7650,0.7650,0.3014,0.3014,0.6356,0.6356,2026-02-24T09:48:41.002356+00:00
