Date,Average of Temp_2m (celsius),Average of wind_speed,Average of relative_humidity %
1/1/2019,14.1218099,0.962900962,46.05199178
1/2/2019,13.56046957,1.522692169,67.87666321
1/3/2019,14.91728109,2.417743777,53.74478658
1/4/2019,14.25712484,2.219726148,44.7231547
1/5/2019,10.77012534,2.159411379,77.39463806
1/6/2019,13.03556722,1.710643422,61.1782074
1/7/2019,13.87381897,1.636229171,54.71613566
1/8/2019,15.46403911,1.769618895,25.59687297
1/9/2019,15.03378194,2.496571554,47.54575093
1/10/2019,13.28393453,1.259705596,48.99101257
1/11/2019,14.17925415,1.914391372,59.01697795
1/12/2019,11.99495342,3.386314099,79.28342183
1/13/2019,12.65219523,1.07624334,56.98557536
1/14/2019,13.45950724,2.766100105,40.66436768
1/15/2019,15.47464905,1.317892862,26.1092631
1/16/2019,13.41300354,1.413976834,54.16603088
1/17/2019,15.87059428,1.649591499,46.73210144
1/18/2019,14.23406881,1.681525918,49.98512268
1/19/2019,16.90769347,2.11691304,52.52830505
1/20/2019,15.16772359,1.84775645,63.30073039
1/21/2019,10.73482666,2.1143153,87.78879802
1/22/2019,10.41870525,1.551737946,88.39243571
1/23/2019,12.24035542,1.064789654,76.12411499
1/24/2019,12.67429505,0.6535012,65.30115763
1/25/2019,12.8990214,1.21655401,54.60662842
1/26/2019,13.0546051,2.071752337,51.69713338
1/27/2019,14.13831991,2.695318293,35.6207784
1/28/2019,14.49512126,2.597797657,26.68678284
1/29/2019,14.45291545,1.505235903,20.37600199
1/30/2019,13.40444337,1.279964817,51.68408712
1/31/2019,9.703556321,2.075155498,85.67070007
2/1/2019,12.14640706,1.026258302,72.43911743
2/2/2019,16.07491455,2.128392599,51.94859823
2/3/2019,18.3694753,2.318281601,29.27401225
2/4/2019,16.33671468,1.107923876,47.41195679
2/5/2019,16.69169007,1.674634273,41.96474711
2/6/2019,11.34127197,1.975337033,80.4914093
2/7/2019,11.3951711,1.890624779,81.10977173
2/8/2019,12.86795959,3.170529559,74.75001017
2/9/2019,15.3548116,2.196120223,44.92678325
2/10/2019,16.90199178,1.811860547,36.67111715
2/11/2019,19.02610677,1.222022161,36.49917603
2/12/2019,16.89217021,1.565566651,53.9898173
2/13/2019,17.11465352,1.89219134,60.63245137
2/14/2019,12.59494934,1.770643503,85.00500997
2/15/2019,15.37560934,1.420092126,61.34366353
2/16/2019,17.47630717,2.168878347,46.88026428
2/17/2019,15.10056458,1.82483725,59.57661947
2/18/2019,13.01822814,2.669236401,71.64372762
2/19/2019,15.56776835,1.319032454,57.7191925
2/20/2019,14.9489736,2.137386311,64.30727641
2/21/2019,12.4227946,1.162957221,86.60291036
2/22/2019,15.55006307,2.02759699,56.02930705
2/23/2019,17.21147054,2.620490403,47.14780172
2/24/2019,17.58064677,0.971068096,43.71640523
2/25/2019,16.12359009,1.456637515,47.62982686
2/26/2019,10.36851908,4.015424455,78.84455363
2/27/2019,14.73701375,2.285590994,45.58820089
2/28/2019,15.78777975,2.426176799,41.67154948
3/1/2019,13.53222555,1.932246668,67.51022339
3/2/2019,10.89739889,2.556539975,87.13050842
3/3/2019,13.29128419,1.036913107,79.08846537
3/4/2019,17.04835917,2.39466282,61.30414327
3/5/2019,19.38242493,2.157283674,41.51410421
3/6/2019,19.58005168,2.645403362,35.86746216
3/7/2019,17.65677795,1.073423783,51.34343465
3/8/2019,17.7008962,2.185461625,44.17526245
3/9/2019,19.7823934,3.334099649,20.06518046
3/10/2019,21.48668315,1.895694024,18.63522848
3/11/2019,13.19973653,4.196748779,82.67499288
3/12/2019,17.88414409,1.61948254,53.6739095
3/13/2019,17.32486878,1.859556119,50.31913757
3/14/2019,16.5013265,1.423646757,60.04559835
3/15/2019,19.39003398,1.387810038,43.426946
3/16/2019,21.34235535,2.35413712,36.99350993
3/17/2019,23.0914856,1.107968105,28.63782247
3/18/2019,23.0239858,1.060564988,29.53109741
3/19/2019,16.87886963,1.934396166,77.5440979
3/20/2019,16.65193075,1.600006435,71.39607747
3/21/2019,21.48878886,1.021489984,38.56079102
3/22/2019,22.25778605,3.150760128,31.63116455
3/23/2019,19.57399902,2.220949253,56.01153056
3/24/2019,21.42645162,2.643539986,48.14028422
3/25/2019,24.20274759,3.54634845,25.24347941
3/26/2019,24.25706379,3.135517835,13.63782247
3/27/2019,24.81850585,1.981682398,27.34217326
3/28/2019,26.20075378,2.579604418,32.698644
3/29/2019,25.69849548,2.690530246,42.12697347
3/30/2019,23.01086324,3.032235563,45.5255127
3/31/2019,25.01167704,3.566346313,29.0986379
4/1/2019,26.55989481,4.033397529,13.4302775
4/2/2019,27.4779602,1.448964414,4.103139241
4/3/2019,28.27625426,2.670355375,5.363464355
4/4/2019,30.44034729,1.827685484,12.6599884
4/5/2019,30.85417075,1.930438405,17.36368815
4/6/2019,30.08357393,2.100202667,14.71084595
4/7/2019,29.27980194,1.56445754,8.947448731
4/8/2019,29.3286377,1.081671507,14.24463908
4/9/2019,30.22528991,1.695080166,10.59338888
4/10/2019,27.78078105,1.945054509,37.37597148
4/11/2019,27.79089762,2.108038033,32.89499919
4/12/2019,26.59124653,0.77680891,40.27628581
4/13/2019,22.44971619,2.218073086,67.38459269
4/14/2019,25.08156739,2.260403256,54.57969666
4/15/2019,27.26340129,2.029595673,40.85210164
4/16/2019,22.69061686,2.176991629,67.28482564
4/17/2019,17.37678935,0.884044792,89.2435201
4/18/2019,22.74832052,1.631153598,58.91705831
4/19/2019,25.03212382,1.995205509,46.89033508
4/20/2019,27.38416443,2.397154387,45.38157145
4/21/2019,29.01077168,2.464537597,37.98924764
4/22/2019,30.75764364,3.276843738,20.59936523
4/23/2019,30.78800862,2.296842772,26.74779256
4/24/2019,23.82891744,4.219957833,64.86902873
4/25/2019,28.81222432,2.656107292,36.29496257
4/26/2019,27.66330363,1.827367518,45.73242187
4/27/2019,29.50808105,2.92118035,32.0610555
4/28/2019,30.0424235,2.876812718,20.91664632
4/29/2019,30.84836731,1.905806883,11.13497416
4/30/2019,27.21627706,3.413470075,35.31506856
5/1/2019,28.88665771,1.995388339,23.70043945
5/2/2019,28.57515869,1.205822856,18.75994873
5/3/2019,27.31688334,2.044901126,18.80607605
5/4/2019,29.14925537,2.174904799,13.45578003
5/10/2019,30.98467407,1.616044951,2.290344238
5/11/2019,28.4801473,1.815729048,20.8921051
5/12/2019,31.42514445,2.382005445,9.781265259
5/13/2019,32.46799927,1.414601863,4.935119629
5/14/2019,30.59893951,2.697995108,13.57692719
5/15/2019,29.958668,1.77943725,17.76944478
5/16/2019,24.74610291,1.132790247,61.80900574
5/17/2019,25.97769063,1.07687228,54.70199585
5/18/2019,28.12263387,1.928895403,36.78512573
5/19/2019,31.17984416,2.520753803,18.96260579
5/20/2019,29.83696391,3.238033971,19.61949666
5/21/2019,30.97656657,2.127500669,7.715047201
5/22/2019,31.93499146,0.912777123,6.654205322
5/23/2019,27.33551432,2.718665,36.04482015
5/24/2019,23.61341248,1.939648144,67.17419942
5/25/2019,26.18026122,2.12074351,50.1431783
5/26/2019,30.07977702,3.379278935,25.33742269
5/27/2019,30.45866292,2.582073281,9.258117676
5/28/2019,32.26223144,2.952011054,7.11420695
6/4/2019,29.73298034,6.559330463,33.23143005
6/5/2019,32.01255951,2.43366822,15.60329437
6/6/2019,31.76037749,3.480356891,4.966392517
6/7/2019,32.04446819,0.442248305,6.185557047
6/8/2019,33.28231201,1.848517254,2.920684814
6/12/2019,31.16437683,2.048500149,18.85303497
6/13/2019,32.4169047,0.44721074,12.85232544
6/18/2019,32.13474121,1.913150723,17.72982788
6/19/2019,32.86351929,1.746477611,15.39113363
6/20/2019,32.9303833,2.257197428,10.45120239
6/21/2019,31.92385763,1.450407414,30.78137716
6/22/2019,33.48226318,1.361673076,6.531626384
6/23/2019,34.03136597,1.965612015,4.290100098
6/24/2019,30.21854553,3.654862875,33.28023275
6/25/2019,33.65007933,2.472663595,9.434763591
7/2/2019,35.23526917,1.85862856,6.695709229
7/3/2019,37.01455078,2.00262746,10.65038045
7/4/2019,38.49134725,2.126458801,4.731445312
7/5/2019,35.39699199,2.411857534,31.86612447
7/6/2019,29.93944194,2.752688334,57.97818502
7/7/2019,34.24117939,2.116261038,45.15370687
7/8/2019,36.55161947,2.094940226,33.10218811
7/9/2019,32.65410258,2.429527929,56.87749227
7/10/2019,31.63955586,1.692062553,59.30562337
7/11/2019,32.58203533,1.664353225,56.26917521
7/12/2019,30.55424398,2.399242535,68.03868612
7/13/2019,31.24517721,2.240744581,64.34827169
7/14/2019,31.0732666,1.722381571,62.75588989
7/15/2019,29.15903117,1.68698003,71.80511475
7/16/2019,29.10608826,2.162162697,72.57385254
7/17/2019,30.44310912,2.009562001,62.20280965
7/18/2019,28.05106506,1.522972895,78.87868245
7/19/2019,30.59135335,1.800610002,61.52638753
7/20/2019,33.60491842,1.434263693,44.40584818
7/21/2019,33.42020061,1.136909464,50.90192159
7/22/2019,33.12553813,0.993626499,51.37990316
7/23/2019,33.70787963,1.033317604,50.04272461
7/24/2019,34.76118368,1.385652187,50.54674784
7/25/2019,26.56842448,3.450497648,88.81286621
7/26/2019,30.64729716,1.072157256,65.32488505
7/27/2019,26.99223226,2.928133172,82.28418986
7/28/2019,27.96186727,2.075177967,80.84225973
7/29/2019,31.90060323,1.200473884,60.51612854
7/30/2019,33.33548889,1.995360619,56.91368103
7/31/2019,31.08462423,3.634401231,68.67655436
8/1/2019,25.99169312,2.403012235,82.95077006
8/2/2019,31.24500936,1.090196116,66.9304657
8/3/2019,30.4499349,1.443506162,73.97285461
8/4/2019,32.51511027,1.465521138,60.67919413
8/5/2019,33.31199543,1.297977635,56.32044474
8/6/2019,32.20266115,2.333582358,67.71881104
8/7/2019,27.21706035,3.169527847,83.49342346
8/8/2019,33.18928426,1.631264206,57.90466309
8/9/2019,30.25733337,2.67459527,75.16601562
8/10/2019,27.63995768,0.711352438,81.27840678
8/11/2019,31.41217957,2.157831274,61.54899597
8/12/2019,33.08918661,2.181587147,55.27844747
8/13/2019,31.76744486,1.674946378,70.48830668
8/14/2019,27.33151651,2.040342933,81.60113017
8/15/2019,32.40025228,2.657025672,64.32258606
8/16/2019,29.95230509,1.889411525,78.31245422
8/17/2019,26.46161296,1.422144754,80.25479635
8/18/2019,30.54493103,1.967026363,61.05222066
8/19/2019,29.06735128,1.224283244,64.44180806
8/20/2019,30.82188822,2.407608358,52.55561829
8/21/2019,31.90511983,1.580236485,46.14779154
8/22/2019,32.55928955,1.839955621,44.96243795
8/23/2019,32.56468098,2.042663839,49.19484456
8/24/2019,33.53821716,2.255190255,46.22889201
8/25/2019,32.84900818,1.801547886,53.25874329
8/26/2019,29.87412415,1.29651683,67.68953959
8/27/2019,33.13738403,1.315891901,42.81082153
8/28/2019,34.70822551,1.619319626,35.39306641
8/29/2019,35.32203063,2.074909681,36.27431234
8/30/2019,31.5195404,1.969228339,55.82527161
8/31/2019,33.01267904,1.447996857,44.34707642
9/1/2019,34.29203187,1.879923635,45.00813802
9/2/2019,32.36396688,2.123599195,47.89075216
9/3/2019,34.21742147,2.154692732,40.86535136
9/4/2019,34.25283203,2.24260123,46.63024902
9/5/2019,33.09287923,2.354330027,51.43534342
9/6/2019,32.21628723,1.860018453,55.39594015
9/7/2019,29.58671468,1.80240073,59.39598084
9/8/2019,33.41347148,2.305751967,43.62943014
9/9/2019,34.42929483,3.2757578,34.37774658
9/10/2019,34.84878947,2.168351764,23.81439209
9/11/2019,35.01819763,2.664898035,33.87779236
9/12/2019,35.53696594,2.112720854,33.78509521
9/13/2019,33.33957825,2.261373934,41.92026774
9/14/2019,33.32562154,2.497137229,39.60212708
9/15/2019,33.20861715,2.833749035,45.92165629
9/16/2019,31.33827616,2.466094746,43.60402425
9/17/2019,32.32423808,1.84768246,34.09879049
9/18/2019,32.89756673,1.495120904,32.19431559
9/19/2019,29.85549316,3.703912921,65.42551676
9/20/2019,26.8707367,0.956002525,67.35905965
9/21/2019,30.3171224,0.965806936,43.48175049
9/22/2019,31.95712688,1.413505975,34.98051961
9/23/2019,29.40813599,1.616028246,64.5144399
9/24/2019,30.11526388,1.116825156,64.41322327
9/25/2019,29.60072224,1.814515308,61.53940837
9/26/2019,30.96579895,1.675358171,54.6156311
9/27/2019,28.60915527,1.333430411,67.11204529
9/28/2019,25.00577188,1.384947798,78.80444845
9/29/2019,26.51688537,1.634830451,68.67434184
9/30/2019,29.17725017,1.711958902,52.81433105
10/1/2019,25.18884176,1.668859363,66.36512756
10/2/2019,27.70973104,1.359610524,57.37953186
10/3/2019,26.51505432,2.311080514,59.47522481
10/4/2019,24.3886556,0.748683284,58.57383728
10/5/2019,26.74683025,2.323624357,41.60873413
10/6/2019,25.28307495,2.524316605,46.38496399
10/7/2019,25.98074748,1.000549883,39.93136088
10/8/2019,27.66575521,1.434703513,28.74346415
10/9/2019,28.5837087,1.672604994,27.14505513
10/10/2019,28.7796875,2.075983737,26.45731608
10/11/2019,28.90737813,1.615957546,22.97375997
10/12/2019,29.2085968,1.722068575,29.34443156
10/13/2019,29.50189616,2.727212053,25.77275594
10/14/2019,29.41726074,2.351691971,31.41787211
10/15/2019,29.39032898,2.03319658,35.68049113
10/16/2019,29.21196391,1.730185438,37.53766378
10/17/2019,27.03696594,1.355413413,54.98153687
10/18/2019,22.31089172,1.614322952,55.67464193
10/19/2019,24.78563335,1.001845762,31.47165934
10/20/2019,25.74622497,1.482145715,23.56765747
10/21/2019,26.42954407,2.283610551,16.4507548
10/22/2019,26.88660075,2.352788569,13.91685486
10/23/2019,26.47822876,1.772319079,11.93563843
10/24/2019,26.88422241,1.913587649,12.64465332
10/25/2019,26.82807312,1.402677055,15.45799256
10/26/2019,26.75270995,2.390498567,12.65368144
10/27/2019,25.60997925,2.973602622,18.52775574
10/28/2019,26.04413757,2.395726045,15.25436401
10/29/2019,26.75962728,2.326835215,21.05763753
10/30/2019,26.49891052,1.694242262,33.68082682
10/31/2019,26.57031148,0.913662689,28.94121806
11/1/2019,21.6257721,2.909640626,51.99043274
11/2/2019,24.1863088,2.7358062,39.65375265
11/3/2019,24.57605896,2.130045073,38.69186401
11/4/2019,24.66156921,2.488395771,26.04248047
11/5/2019,24.63289286,2.288939611,18.64700317
11/6/2019,17.11768494,3.555719512,80.49756368
11/7/2019,15.12595011,4.018406273,80.70526123
11/8/2019,18.81383158,1.990864893,53.45044454
11/9/2019,22.07702535,2.219069595,34.9009196
11/10/2019,22.5432068,1.110753811,31.63495382
11/11/2019,21.91941732,1.4858597,27.5957489
11/12/2019,21.02075602,1.504675299,37.05032348
11/13/2019,20.26448974,1.378313683,49.32922363
11/14/2019,21.70742695,0.966754874,50.65877279
11/15/2019,17.30070903,1.542332328,81.21546427
11/16/2019,17.50574646,1.967131227,77.35183716
11/17/2019,19.31372477,3.008316029,58.33002726
11/18/2019,20.53611653,2.546429782,41.41606649
11/19/2019,19.95355123,1.47923094,43.01859538
11/20/2019,18.48262939,0.92016514,54.95173136
11/21/2019,16.83411051,3.107834234,71.04268392
11/22/2019,15.39138183,2.592638188,77.73330688
11/23/2019,18.0184316,2.075182041,64.27978516
11/24/2019,18.99857992,1.103348237,54.41668193
11/25/2019,19.86667277,1.226300036,57.72107442
11/26/2019,18.1919342,1.043812562,64.98163859
11/27/2019,14.87296955,1.462707216,82.21331279
11/28/2019,16.12569071,0.96093221,68.55201721
11/29/2019,16.85382486,0.974273907,43.31871033
11/30/2019,18.42129415,2.480466054,37.34611511
12/1/2019,18.23559469,1.981676342,32.76023865
12/2/2019,18.15067952,2.134082718,28.24030558
12/3/2019,18.22770589,2.194345129,27.49186198
12/4/2019,18.02640686,0.993188981,24.18841044
12/5/2019,17.03195089,0.835294317,44.90689596
12/6/2019,17.47172445,1.814967806,40.23475647
12/7/2019,18.56010844,1.584109339,25.44158936
12/8/2019,17.69880067,1.22856372,29.10181681
12/9/2019,16.27518616,0.648230837,41.23797099
12/10/2019,15.37853394,1.280472976,50.45435588
12/11/2019,15.41556193,0.739436259,63.60374451
12/12/2019,13.60775146,2.208854906,70.58954875
12/13/2019,11.33905944,0.736748285,80.69307963
12/14/2019,12.15255127,2.303987299,81.74964905
12/15/2019,13.99310201,1.875352901,66.02015178
12/16/2019,15.32924296,2.35639442,40.26616414
12/17/2019,15.3600708,1.846691871,37.8280131
12/18/2019,13.79151814,1.249866474,41.39076233
12/19/2019,12.93998109,0.920226936,52.79444377
12/20/2019,12.81107483,1.166931877,64.75822449
12/21/2019,13.88008017,1.389152221,68.97796631
12/22/2019,15.33846944,1.931552841,52.92388916
12/23/2019,14.70933431,1.336597738,44.07114665
12/24/2019,13.0836324,0.857642357,60.80436707
12/25/2019,13.15143737,2.133048829,46.97349548
12/26/2019,13.40466207,1.845459084,37.04869588
12/27/2019,12.31068318,0.963903079,42.92950948
12/28/2019,11.27784627,0.989847314,58.66681417
12/29/2019,12.35848389,1.120089501,65.38464864
12/30/2019,12.30482381,1.398930783,59.16119893
12/31/2019,10.53125407,2.32236415,66.68446859
1/1/2020,13.03418375,1.10865975,44.97380575
1/2/2020,14.40200195,1.639363551,45.17295837
1/3/2020,13.50891012,2.299549461,57.14810689
1/4/2020,13.86865133,0.829176658,63.49522908
1/5/2020,10.95010274,1.575954218,62.06771851
1/6/2020,9.176960246,1.46915061,83.36214701
1/7/2020,9.132653812,1.502180513,88.22331746
1/8/2020,10.90898539,2.01748931,73.52973938
1/9/2020,12.39170227,2.18944257,61.91452026
1/10/2020,13.616922,2.345777913,38.21685791
1/11/2020,12.48587443,1.35733094,45.85319519
1/12/2020,13.7784617,2.94635694,63.29147339
1/13/2020,8.168898519,3.555288643,91.65519714
1/14/2020,12.23934835,2.754292556,73.92234802
1/15/2020,12.41071981,1.385452785,67.78406779
1/16/2020,14.42558696,2.509893272,56.78888957
1/17/2020,14.13394063,1.192333578,54.80158488
1/18/2020,14.06347046,1.144319018,58.96514893
1/19/2020,14.44451803,1.855028639,44.19619243
1/20/2020,15.10990295,1.493097368,35.2969106
1/21/2020,10.43982849,2.779808405,76.55881246
1/22/2020,14.17254536,2.525895522,55.24495443
1/23/2020,14.68099366,2.937612133,41.3424174
1/24/2020,14.86728312,1.921800234,31.15905762
1/25/2020,14.98665262,0.998244771,39.85806783
1/26/2020,16.17194519,1.137214878,48.26924642
1/27/2020,16.27024232,1.363092774,48.25281779
1/28/2020,10.65734762,2.813818793,84.63088989
1/29/2020,11.37849834,4.068770058,87.74024963
1/30/2020,13.23170878,1.912441577,71.34717306
1/31/2020,13.83038228,1.087286394,61.62010193
2/1/2020,14.40715943,1.351850558,61.67350769
2/2/2020,15.49511617,2.624836914,42.22373962
2/3/2020,15.7713206,1.146311705,42.21883138
2/4/2020,12.58379008,1.027050911,67.41757711
2/5/2020,14.79995626,2.919442321,46.26976013
2/6/2020,14.85378927,1.79044593,47.0619456
2/7/2020,15.94320068,2.312995005,41.45795186
2/8/2020,16.68982849,1.05948973,32.3836263
2/9/2020,17.05033772,1.226286928,43.00013224
2/10/2020,17.32758993,2.203173352,43.78918966
2/11/2020,16.08881531,2.984428643,50.01001994
2/12/2020,16.62316283,2.055699646,56.97591146
2/13/2020,17.38577677,1.514603913,63.72718811
2/14/2020,18.75997315,4.291726815,50.56259155
2/15/2020,20.10791931,2.390344843,24.52346802
2/16/2020,20.57154236,3.036109877,20.85751851
2/17/2020,21.12278137,3.101874666,11.36299133
2/18/2020,21.37269747,1.812752141,10.92857361
2/19/2020,19.59707031,3.181898523,32.16827393
2/20/2020,15.48589986,4.422525803,65.47663371
2/21/2020,18.90091857,1.84788343,29.69741821
2/22/2020,19.92770792,2.529671602,51.26256307
2/23/2020,20.86894124,2.036763907,44.13668315
2/24/2020,21.18681234,1.93452538,38.04222107
2/25/2020,21.58473104,2.466917975,33.34431966
2/26/2020,21.99456686,2.922275709,18.4476471
2/27/2020,22.26197713,0.953154841,39.89682515
2/28/2020,15.07992961,3.536591493,79.93680318
2/29/2020,15.06858215,2.52352843,81.70522054
3/1/2020,19.99591471,1.465555002,49.23754374
3/2/2020,21.99013672,1.794795321,47.28131612
3/3/2020,22.40279541,2.510996254,41.55596415
3/4/2020,20.51333516,2.148637095,59.55327352
3/5/2020,14.55324198,1.737715534,81.27222697
3/6/2020,13.10312297,3.157859045,85.46480814
3/7/2020,12.48573203,4.51897385,90.23198446
3/8/2020,13.5932963,2.203842702,88.18674723
3/9/2020,17.0744517,3.464243374,50.4839325
3/10/2020,20.22207031,1.78436489,41.87347412
3/11/2020,19.52802429,2.34935078,54.1523234
3/12/2020,15.91843058,6.409724928,68.7953949
3/13/2020,16.30955404,2.992169346,62.48082479
3/14/2020,18.79883728,1.625057303,52.61685689
3/15/2020,19.92492574,2.320654923,55.71085612
3/16/2020,21.27773946,2.443727151,49.96709188
3/17/2020,22.38604635,2.675080151,46.17518107
3/18/2020,23.31082561,2.529735452,43.81319682
3/19/2020,23.97123108,2.434747185,44.14469401
3/20/2020,23.9209432,1.569414454,44.37347412
3/21/2020,19.97742106,0.96540092,70.02029419
3/22/2020,22.27650859,2.43953537,44.5241801
3/23/2020,23.43889262,2.255234456,48.22812398
3/24/2020,17.3590332,3.976284793,79.46896871
3/25/2020,18.86106771,2.007925292,67.70062764
3/26/2020,21.62030945,2.752799114,54.57224528
3/27/2020,15.43331807,3.339853618,86.95681254
3/28/2020,17.89030355,2.935963926,77.51228332
3/29/2020,21.55777894,2.336053657,50.45809428
3/30/2020,21.03925985,2.679048658,52.67367045
3/31/2020,17.96282349,2.406037747,78.03451538
4/1/2020,20.19902446,1.340511887,71.60168966
4/2/2020,20.19240214,1.670283735,47.13989258
4/3/2020,22.1087738,3.206013274,43.20129394
4/4/2020,24.67996114,2.469265594,37.65505473
4/5/2020,23.93459473,1.642721191,37.42726644
4/6/2020,23.40619303,1.154346871,43.9491272
4/7/2020,19.0568634,3.138786959,67.45635986
4/8/2020,23.55689901,1.803798334,41.72210693
4/9/2020,24.6416158,1.693225709,44.80010986
4/10/2020,24.36293945,2.630911158,46.13131205
4/11/2020,27.03212891,2.016782172,31.38877869
4/12/2020,27.57240194,2.569262351,26.06862386
4/13/2020,28.79600931,2.246506638,34.65886434
4/14/2020,26.28003845,2.653737942,43.03855896
4/15/2020,26.67904053,2.944360629,44.24766541
4/16/2020,26.09530538,1.138900498,49.32200114
4/17/2020,17.19395854,1.729248961,84.13294474
4/18/2020,18.3312673,1.358568553,82.36605326
4/19/2020,23.53107096,0.666838897,51.95093791
4/20/2020,24.46664327,1.416847814,47.63870239
4/21/2020,24.64914349,2.287849504,46.46931966
4/22/2020,26.32266134,2.756038669,36.40800476
4/23/2020,28.3010498,2.952651402,28.70292664
4/24/2020,29.37054342,1.291473325,28.00832113
4/25/2020,27.46139933,1.41856705,37.1127828
4/26/2020,26.9916626,1.269564207,51.56013489
4/27/2020,24.85017293,4.093178834,61.77452087
4/28/2020,24.26443379,1.299353492,67.09266663
4/29/2020,28.16567382,1.714455802,47.07567851
4/30/2020,29.70617065,2.533655277,31.76091512
5/1/2020,31.80826722,1.364908472,25.89772542
5/2/2020,29.88380839,1.544449195,38.54698181
5/3/2020,24.96693827,0.990497177,63.24554443
5/4/2020,27.99677938,1.377295958,42.11331685
5/5/2020,27.43523051,2.304130408,35.90888977
5/6/2020,28.40112203,1.563084164,17.03470866
5/7/2020,28.3790273,2.410090741,22.25743612
5/8/2020,30.5945577,2.66912906,23.12095642
5/9/2020,32.05262146,2.645390365,20.92557271
5/10/2020,30.50524801,1.624361744,30.31445821
5/11/2020,29.0651947,2.542627602,33.66282145
5/12/2020,28.6904541,1.365323609,34.8143514
5/13/2020,30.20753886,1.973948837,32.50740051
5/14/2020,20.58685201,1.570566231,84.42901611
5/15/2020,26.28153382,2.562216216,57.17920939
5/16/2020,30.06781413,1.807112999,35.22099813
5/17/2020,30.50711671,1.700449895,17.55715942
5/18/2020,29.78977865,1.325353434,13.16925049
5/19/2020,29.4623352,3.038084154,16.40729268
5/20/2020,29.13250885,3.331448913,22.32223511
5/21/2020,31.00365601,3.527039751,5.985616048
5/22/2020,32.66303914,1.872512533,3.883005778
5/23/2020,33.10593567,2.003439414,8.63512675
5/24/2020,33.22504577,2.650178267,10.23475647
5/25/2020,33.5303894,2.940224876,4.431101481
5/29/2020,30.27996725,2.961569868,34.18263753
5/30/2020,25.11442464,1.301237962,64.18429057
5/31/2020,27.42404582,2.530112838,52.32805888
6/1/2020,27.054422,1.904295555,54.48008219
6/2/2020,27.00004984,1.784783737,61.70524597
6/3/2020,29.42956441,1.548282412,41.15018209
6/4/2020,30.71419169,0.597665698,35.54875692
6/5/2020,31.3065328,1.672979246,30.00066121
6/6/2020,28.4165741,3.568526249,58.51104736
6/7/2020,30.23319397,1.452015469,52.87905375
6/8/2020,32.49758301,1.931327175,47.65864054
6/9/2020,31.35146992,1.609819622,40.57395935
6/10/2020,31.80546468,1.255709797,38.51397196
6/11/2020,31.86115417,1.477195456,37.73414612
6/12/2020,31.38388978,1.156530494,31.59095764
6/13/2020,31.86589457,2.464403755,25.24775187
6/14/2020,33.61508586,1.796638884,13.82664998
6/19/2020,35.37490235,1.566873357,5.060691834
6/20/2020,35.64376221,1.73803148,7.089233398
6/21/2020,36.55087688,2.14336438,7.484690348
6/22/2020,36.37001952,1.932144749,19.79123433
6/23/2020,35.24690145,2.446826525,37.47235616
6/24/2020,30.23334656,1.089792786,63.23855082
6/25/2020,31.17983907,2.192502031,62.421875
6/26/2020,32.50072633,2.011580695,56.18718465
6/27/2020,33.67892354,2.372203872,48.78178914
6/28/2020,34.08810831,1.632851326,44.32474772
6/29/2020,32.39529826,1.709219587,43.85765076
6/30/2020,35.03459574,1.752511818,31.5809377
7/1/2020,36.39378051,1.638128885,19.99255371
7/2/2020,36.51062419,2.030569277,16.31688436
7/3/2020,37.16396484,1.755271613,12.91435242
7/4/2020,34.17257589,2.680965116,37.69193014
7/5/2020,32.47118022,2.35389651,43.89063517
7/6/2020,34.9563029,2.721355482,17.46452332
7/7/2020,35.8733612,2.075016723,25.70576986
7/8/2020,34.38125001,3.062901119,35.53487142
7/9/2020,35.30344543,2.74518349,33.5689799
7/10/2020,37.16975809,3.008808262,17.93073018
7/11/2020,35.92250469,1.716689535,16.7473348
7/12/2020,31.4461914,2.197426045,45.74968974
7/13/2020,34.86454161,2.581290858,23.30767314
7/14/2020,35.40471802,1.843518959,17.75421143
7/15/2020,36.0951884,2.821854919,32.74678548
7/16/2020,32.83091634,1.933640778,51.70992533
7/17/2020,35.06304321,1.442343693,39.66921489
7/18/2020,37.0864095,1.938909135,15.94469706
7/19/2020,36.22176005,2.60466695,29.65154012
7/20/2020,34.32695414,2.990278664,39.61776733
7/21/2020,26.11265462,2.777167221,72.62975057
7/22/2020,31.29471741,2.379078384,48.6412557
7/23/2020,33.15277507,2.381610335,42.93388367
7/24/2020,34.31554057,1.484083708,45.42427063
7/25/2020,31.37531433,1.666122701,60.66838582
7/26/2020,32.57369384,1.441312232,59.02272542
7/27/2020,34.47029012,1.826430088,48.80185445
7/28/2020,36.12816264,1.934857635,29.25710042
7/29/2020,34.31076457,2.745520779,47.40325928
7/30/2020,30.00804545,2.610356013,68.98684184
7/31/2020,32.51010539,1.302323913,61.79217021
8/1/2020,30.91327311,1.193227236,64.32942708
8/2/2020,33.34943034,1.43014981,55.93622843
8/3/2020,33.57627258,2.078248804,59.50386047
8/4/2020,33.50536499,1.73874121,55.7904307
8/5/2020,35.15700175,1.767690799,41.30332947
8/6/2020,35.03305461,1.966037488,43.54751587
8/7/2020,34.72744142,2.899820682,49.15641785
8/8/2020,33.78254598,1.598691201,61.44894918
8/9/2020,30.65452982,0.925810518,71.64838155
8/10/2020,32.82643535,1.165563046,65.48299154
8/11/2020,32.4735555,2.193548787,64.2712911
8/12/2020,34.02404684,2.219014344,61.92611694
8/13/2020,32.54796753,1.718220485,69.68200684
8/14/2020,29.70591634,2.14932803,82.23899841
8/15/2020,32.92384237,1.441901009,65.8455658
8/16/2020,33.07730001,1.909805008,69.44190979
8/17/2020,33.68200073,2.024469328,69.05220032
8/18/2020,31.29088237,1.295218095,70.14185588
8/19/2020,28.0824117,2.252715472,80.60801188
8/20/2020,25.56336873,2.77040236,92.54519145
8/21/2020,28.55999146,1.518774022,76.20605469
8/22/2020,32.08223368,2.421885208,61.16045634
8/23/2020,32.69082032,1.807570908,59.55930074
8/24/2020,32.85130209,1.748727492,62.40737915
8/25/2020,30.11994324,1.699427151,79.79105632
8/26/2020,26.11020814,1.020024433,83.7584432
8/27/2020,24.74118449,1.725314316,92.64033
8/28/2020,27.46993408,0.925820966,74.66341654
8/29/2020,30.6032959,1.469596828,63.75109355
8/30/2020,31.98568625,1.27523815,53.11704
8/31/2020,25.26831461,1.74605133,88.65796407
9/1/2020,26.13378804,2.160398072,84.27818298
9/2/2020,27.56399943,1.817354815,82.22025553
9/3/2020,28.31767171,1.659292349,81.12823486
9/4/2020,27.41231181,1.742979507,81.79659525
9/5/2020,30.79493612,1.205387348,66.27512614
9/6/2020,30.86516215,1.881281178,66.6314443
9/7/2020,29.40340067,2.204618149,64.27513123
9/8/2020,30.86065064,1.549409431,55.57436625
9/9/2020,31.51299438,1.385721867,54.96449788
9/10/2020,31.02733256,1.757282972,50.49570719
9/11/2020,31.54536336,1.214620212,47.44918823
9/12/2020,32.12371216,1.981940586,50.87221781
9/13/2020,32.11471965,1.257484145,52.53677368
9/14/2020,32.39870605,1.254569649,50.54674784
9/15/2020,32.1273234,2.834006168,46.5683492
9/16/2020,32.22042237,1.779449617,46.68851217
9/17/2020,32.37584329,2.546065469,35.57088216
9/18/2020,32.25615336,2.0579991,34.51342265
9/19/2020,32.74991252,1.965339474,31.24509176
9/20/2020,32.30471191,2.885810235,20.44303894
9/21/2020,32.04328309,1.421866203,22.66667684
9/22/2020,32.53083192,1.568416916,20.76115926
9/23/2020,32.07750854,1.98388312,30.78310649
9/24/2020,32.20603841,2.613632741,31.76035563
9/25/2020,31.75537008,1.516933721,31.92637126
9/26/2020,28.92734172,1.142980404,38.46674601
9/27/2020,31.16107076,1.393601956,22.518514
9/28/2020,31.26366069,1.410608375,18.03456624
9/29/2020,31.15255127,2.102129329,16.02040609
9/30/2020,30.72083435,1.75626225,14.6992747
10/1/2020,30.95581462,3.029974193,14.12231445
10/2/2020,30.09833375,2.591090945,15.56173706
10/3/2020,30.44618123,2.729823684,14.97609456
10/4/2020,29.87572021,1.529245064,16.34024048
10/5/2020,30.00875854,2.962533938,13.62591553
10/6/2020,29.59354554,1.109277954,14.39231872
10/7/2020,30.10003052,1.733868851,16.96647644
10/8/2020,30.05814514,1.792549597,24.08973694
10/9/2020,30.02410279,1.59612659,22.60884603
10/10/2020,30.21044312,1.790386822,23.83074443
10/11/2020,29.71772156,1.932496328,15.88371277
10/12/2020,29.72227885,1.150884118,18.55812073
10/13/2020,27.58933715,2.416764874,22.32971191
10/14/2020,28.59971517,2.67478699,10.87259928
10/15/2020,28.57339478,2.272233815,11.2159729
10/16/2020,28.34432984,2.050844403,11.02215576
10/17/2020,27.98040924,1.309901918,10.46924591
10/18/2020,27.01567993,2.502175016,13.13598633
10/19/2020,26.97387086,1.666997984,17.33718872
10/20/2020,26.46237183,1.453023541,14.44894409
10/21/2020,27.04112142,1.33280121,15.54044088
10/22/2020,26.31806844,1.876931887,20.3208669
10/23/2020,25.73460542,0.921660309,13.64589691
10/24/2020,26.04777222,1.947231952,11.84609985
10/25/2020,22.81541341,2.972016809,36.29188538
10/26/2020,24.56488037,2.609776075,14.81512451
10/27/2020,25.09209085,1.927508135,17.06644694
10/28/2020,24.06595001,1.392294471,14.30408478
10/29/2020,24.62878825,1.459353354,18.0225118
10/30/2020,24.37211508,2.721275151,18.12156677
10/31/2020,24.24088441,1.885259468,12.70802816
11/1/2020,24.9828481,1.674753059,15.45336405
11/2/2020,25.73264465,1.729018892,13.50985209
11/3/2020,24.25509033,1.656918507,17.43067424
11/4/2020,23.7999003,1.438368748,19.07190959
11/5/2020,23.4764801,1.346132162,4.73438263
11/6/2020,23.23323975,2.558534409,13.68301392
11/7/2020,22.18696747,2.487342325,20.59337616
11/8/2020,22.78648784,1.015256173,19.81801351
11/9/2020,21.92229614,1.201495571,22.29334513
11/10/2020,21.10681559,1.018022849,25.44151306
11/11/2020,22.49697266,1.20349048,29.49467977
11/12/2020,21.77796835,1.190038202,34.10357157
11/13/2020,21.3538147,1.207216576,22.63656616
11/14/2020,19.5284668,1.809339483,46.3575236
11/15/2020,13.30310465,3.10909586,86.19232178
11/16/2020,15.19619141,0.308630169,76.31693522
11/17/2020,17.7226298,2.584966999,53.08202108
11/18/2020,18.74098613,0.983687262,39.44544474
11/19/2020,16.78848674,1.431262662,55.5065918
11/20/2020,17.01375223,3.728699657,36.9401296
11/21/2020,17.19947713,2.659395725,31.49551392
11/22/2020,15.42633462,1.138486411,47.83930461
11/23/2020,13.24421082,3.459913422,75.20467122
11/24/2020,13.21412048,2.217337108,79.12114461
11/25/2020,13.00608215,0.933487895,85.04150391
11/26/2020,15.43019002,2.567213912,68.20823669
11/27/2020,17.68368428,2.077133774,43.47890218
11/28/2020,19.17184346,1.95760773,36.21945699
11/29/2020,19.10484721,1.015222805,33.13741048
11/30/2020,19.97983195,1.356310839,37.5428772
12/1/2020,20.71223857,1.377051322,38.37064107
12/2/2020,20.96999003,2.199511105,35.75047811
12/3/2020,21.12439372,1.174001498,37.38705953
12/4/2020,19.81232605,0.826719532,35.07077535
12/5/2020,19.39651388,0.902280218,45.1738739
12/6/2020,19.2083374,0.910185802,52.66240438
12/7/2020,17.88791301,1.349350484,59.49605306
12/8/2020,13.15459595,1.746564709,88.08034261
12/9/2020,16.52407735,1.917346843,73.21172078
12/10/2020,17.66242879,2.108354731,59.86302694
12/11/2020,15.93597819,1.068294318,66.71953837
12/12/2020,12.05284526,1.355970613,83.3283488
12/13/2020,13.95895284,1.205782545,67.38273621
12/14/2020,13.02919921,0.61429044,67.33222961
12/15/2020,11.94465535,2.114830656,67.31608073
12/16/2020,12.34743143,1.874992521,58.96619161
12/17/2020,12.57783407,2.248201409,41.98160807
12/18/2020,13.88635661,2.169944674,33.4223938
12/19/2020,14.26426595,1.775379027,30.83760579
12/20/2020,15.87042644,1.588914388,30.90438843
12/21/2020,17.24743042,1.77088993,41.98371887
12/22/2020,17.81793619,1.795469227,45.08743286
12/23/2020,16.68118184,0.630951403,40.44448852
12/24/2020,15.96249287,1.081266253,39.6005249
12/25/2020,14.99179485,1.361130244,48.33516439
12/26/2020,14.86946513,0.873193832,41.88049316
12/27/2020,11.94469095,1.271876467,69.25819397
12/28/2020,11.58831685,1.461113388,66.56229655
12/29/2020,12.34323527,1.961784451,62.81799316
12/30/2020,14.38277079,1.741258102,46.17881775
12/31/2020,15.12592467,2.159360121,33.56737773
1/1/2021,15.75807597,0.76673292,31.37156169
1/2/2021,15.21386617,1.166070758,38.05371602
1/3/2021,14.20117594,3.477325152,62.36501058
1/4/2021,14.86461283,2.101510234,71.17647807
1/5/2021,12.89698689,2.402125369,84.53849792
1/6/2021,13.1043335,1.052639023,85.42068481
1/7/2021,14.7100413,1.183419139,62.98698425
1/8/2021,12.34312846,0.599951506,83.55796814
1/9/2021,13.11781718,2.149581339,61.51807149
1/10/2021,14.33596191,1.91357226,55.1016744
1/11/2021,14.30955911,1.686826316,52.4319458
1/12/2021,14.62364095,1.876304792,40.5430603
1/13/2021,14.63022766,1.60560206,38.30510457
1/14/2021,13.98543193,0.924147846,50.90970357
1/15/2021,13.80319112,0.824084692,57.78414408
1/16/2021,14.11575724,1.411493722,63.38322957
1/17/2021,14.11123555,2.152416204,55.41196187
1/18/2021,13.9513794,0.892681183,69.53704834
1/19/2021,16.20443115,2.205786854,44.30730184
1/20/2021,16.13894042,2.83518461,33.63716125
1/21/2021,16.94433493,1.606422341,26.03246053
1/22/2021,15.08695374,2.612426696,43.88524373
1/23/2021,12.06700033,2.020250733,72.82483419
1/24/2021,14.85025939,1.851088834,51.53312683
1/25/2021,15.93594259,1.530753141,43.34790548
1/26/2021,15.84293518,1.37771841,32.00968424
1/27/2021,16.08389689,2.274679296,31.09247843
1/28/2021,16.29310507,1.327066483,28.00313314
1/29/2021,14.90146281,1.929323903,33.76396179
1/30/2021,15.81870422,2.039230797,20.59331258
1/31/2021,16.12418011,0.987252261,31.05466207
2/1/2021,17.43018493,1.955768339,32.08750407
2/2/2021,15.82707113,1.852666904,40.96773783
2/3/2021,16.63454081,1.642142342,44.069163
2/4/2021,14.87669779,2.51319284,49.78139242
2/5/2021,15.51226705,1.558994984,55.33681234
2/6/2021,15.4811086,2.262390051,52.55889893
2/7/2021,16.88842672,1.804965063,37.48112996
2/8/2021,18.37279663,1.421305419,50.08692423
2/9/2021,17.77760214,1.351901022,55.87608337
2/10/2021,19.46252339,1.706390725,48.53228251
2/11/2021,20.01043091,1.671705851,36.85831706
2/12/2021,19.45345459,1.431644434,33.97061666
2/13/2021,19.1144043,1.050794836,34.23815409
2/14/2021,19.45365804,2.021620146,45.06912231
2/15/2021,19.73184611,1.231937384,37.22623189
2/16/2021,20.82264099,1.464031921,25.03349304
2/17/2021,20.69395853,1.359180084,23.46911112
2/18/2021,20.77190043,1.758503395,31.25394185
2/19/2021,20.84023946,1.413029316,30.1015981
2/20/2021,20.01950989,1.89270581,45.37045797
2/21/2021,20.81519979,2.281845431,31.43750509
2/22/2021,21.14663595,1.063677199,45.63852946
2/23/2021,22.37301025,1.845967081,38.63502502
2/24/2021,23.59634298,1.227864266,19.99204
2/25/2021,23.47532553,1.607951459,25.33988953
2/26/2021,20.92349142,2.482839449,51.72851562
2/27/2021,17.19343974,1.964418085,69.46474711
2/28/2021,19.96537171,2.030878961,40.10851542
3/1/2021,21.16060792,2.82284493,25.2011617
3/2/2021,21.80585124,3.027495684,15.68992615
3/3/2021,22.84527487,1.825184832,21.37781779
3/4/2021,24.02849121,1.155874634,10.23233032
3/5/2021,22.82605386,3.243787651,14.59452311
3/6/2021,22.72272644,0.741792932,16.49920146
3/7/2021,22.83179627,2.131758193,34.70876058
3/8/2021,21.23006592,1.121605999,43.78707886
3/9/2021,24.38648885,1.139208253,15.21273295
3/10/2021,22.98752747,2.465916175,25.22270203
3/11/2021,17.05825194,3.665466903,66.97072347
3/12/2021,17.50440369,3.611745956,68.97000631
3/13/2021,21.01066487,2.293356945,44.24570719
3/14/2021,18.19477234,3.577051666,58.51605733
3/15/2021,21.72330627,2.101766607,46.4323171
3/16/2021,23.68599854,1.510795748,34.66092428
3/17/2021,25.17511902,1.265174659,18.76785278
3/18/2021,25.8303772,1.846597592,14.01596069
3/19/2021,25.85360872,2.450686872,6.743011475
3/20/2021,25.52443849,2.544200749,8.27041626
3/21/2021,20.5367981,1.583245146,57.96516418
3/22/2021,15.63753662,2.74686947,87.458903
3/23/2021,17.451415,6.946909075,80.24325053
3/24/2021,19.29527689,1.541892942,55.37226359
3/25/2021,21.44431966,2.681310125,49.63727315
3/26/2021,24.15087789,2.027121928,28.72342428
3/27/2021,25.24230347,2.242803361,41.09832764
3/28/2021,28.3018687,1.703773373,17.51528422
3/29/2021,24.28357848,2.274386789,53.19226583
3/30/2021,25.07128296,4.142881025,20.87627411
3/31/2021,22.72843831,5.293255573,14.21396891
4/1/2021,21.7086426,5.862386739,3.330535889
4/4/2021,23.98671367,2.283139101,10.64056396
4/5/2021,25.5179484,1.740504998,24.46258545
4/6/2021,24.50222676,2.878018615,40.05470276
4/7/2021,23.21671956,2.089583099,34.44361369
4/8/2021,24.31929423,2.476070424,26.14453634
4/9/2021,25.24089966,1.506768656,11.86904907
4/10/2021,27.12040864,2.378226919,8.131752014
4/11/2021,27.79013468,2.009305396,11.80168152
4/12/2021,27.38442891,2.515745757,18.53589376
4/13/2021,28.11388041,2.405872369,17.72198995
4/14/2021,28.86095072,3.185245529,9.602127075
4/15/2021,22.45096741,2.770252745,57.49857585
4/16/2021,22.27445374,2.123600804,53.85640462
4/17/2021,18.29881693,1.945474286,80.83880107
4/18/2021,21.93694459,1.555667818,62.26570129
4/19/2021,24.71498006,2.451381291,29.31602478
4/20/2021,24.93514913,1.292985245,37.31168111
4/21/2021,23.13696695,1.961677828,51.09219869
4/22/2021,20.4361206,3.588282839,66.3726298
4/23/2021,21.41670126,1.485084192,54.5786794
4/24/2021,25.04848633,2.295652109,36.65761312
4/25/2021,28.49035645,1.647565131,13.14413452
4/26/2021,29.77120361,1.857431328,7.204081217
4/27/2021,30.8570801,1.754337837,7.234573364
4/28/2021,31.68670044,2.166378878,2.915802002
5/3/2021,31.80739746,1.577018373,5.480804443
5/4/2021,31.68122762,3.408096676,14.1910553
5/5/2021,27.90290221,1.16648308,44.10639445
5/6/2021,29.52942301,2.161427173,27.52286275
5/7/2021,30.12963257,1.479598465,12.97688802
5/8/2021,30.62329101,1.437329486,11.97875977
5/9/2021,31.01061401,1.46079903,12.80131022
5/10/2021,31.80495605,1.646636135,13.67973328
5/11/2021,27.10343323,1.333936043,47.75850932
5/12/2021,30.43568726,2.122009123,18.68884277
5/13/2021,27.06898397,1.941795381,33.1287384
5/14/2021,29.41901551,2.484111907,24.05680339
5/15/2021,27.98736471,2.051632489,30.21115621
5/16/2021,30.16763714,1.73619783,4.325459798
5/17/2021,30.08028567,2.120450563,5.931777954
5/20/2021,31.08558807,2.434246757,21.98741913
5/21/2021,29.47029012,1.383669698,9.201660156
5/22/2021,30.96804199,0.372368157,4.239959717
5/23/2021,26.70690816,2.895146973,33.52249146
5/24/2021,29.66183624,3.433986036,14.9079895
5/30/2021,33.7950684,2.863490971,5.164184571
5/31/2021,34.46265055,1.062075741,10.50343831
6/1/2021,31.67927958,2.392805326,14.10100301
6/2/2021,32.16387329,1.673492501,18.83626302
6/3/2021,29.62012634,4.127488138,50.63184102
6/4/2021,32.84608867,1.544810297,30.02174377
6/5/2021,34.3898051,1.114579984,20.36588033
6/6/2021,35.54769287,2.116894044,10.98842621
6/7/2021,36.0458313,1.803486437,10.11850993
6/8/2021,37.75295412,1.551840505,5.833282471
6/9/2021,37.92476807,1.571396228,5.210418701
6/10/2021,38.87890015,1.212016387,7.275085449
6/11/2021,36.88386942,2.222861595,20.93640645
6/12/2021,35.54855499,1.232839264,16.98379517
6/13/2021,30.81908061,3.354865448,39.61598714
6/14/2021,31.7771698,2.16886065,39.62778727
6/15/2021,31.68140055,1.951942421,23.01300049
6/16/2021,32.14926147,2.544934928,15.87524414
6/17/2021,32.03552144,1.079604615,10.97020467
6/18/2021,32.68518982,2.892766275,4.284744263
6/19/2021,33.76073608,1.545265727,6.1302948
6/20/2021,32.47457784,2.007645979,22.07949321
6/21/2021,32.61655069,2.10009189,12.24945068
6/23/2021,35.35384521,1.313376514,0.348815918
6/25/2021,34.88278605,2.135177527,5.464223226
6/26/2021,32.62493286,1.82838349,20.40133158
6/27/2021,34.63097534,1.546699371,13.11027527
6/28/2021,34.77559814,1.664354253,7.772725422
7/1/2021,36.93248901,1.116036327,6.572494507
7/2/2021,35.53468221,1.824121258,9.864654541
7/3/2021,34.27047119,2.505735195,15.62466939
7/4/2021,35.47650756,1.46285761,15.85302734
7/5/2021,34.2688029,1.761158667,15.97038269
7/6/2021,35.42212321,1.962470042,7.286834716
7/7/2021,36.14411316,0.990504953,5.507736206
7/8/2021,35.28225098,2.108342375,12.72359212
7/9/2021,36.91332398,3.742173391,20.79437256
7/10/2021,33.52280071,3.059791862,48.56534322
7/11/2021,32.89475403,2.439769952,56.63317362
7/12/2021,26.07917175,4.269628748,86.39849345
7/13/2021,29.02033387,1.630475229,65.85116069
7/14/2021,25.42569885,1.502050994,86.74756368
7/15/2021,32.84171956,1.79042891,51.26238505
7/16/2021,33.42650757,2.043410325,57.99285889
7/17/2021,34.27219035,2.020372558,54.63137309
7/18/2021,35.57121175,1.616945912,48.47811381
7/19/2021,27.3559967,3.606867083,80.61912537
7/20/2021,26.7488088,2.067445131,78.42470805
7/21/2021,27.38611246,1.429434725,78.11531067
7/22/2021,31.308196,1.666278369,54.36808268
7/23/2021,32.7027781,1.505085525,51.39727275
7/24/2021,33.90217997,1.780492998,53.42821757
7/25/2021,33.45683696,1.584536478,64.32802836
7/26/2021,31.19114075,1.957770398,77.18775431
7/27/2021,29.12192687,2.196999675,82.69640605
7/28/2021,27.70927327,3.294815322,85.2995046
7/29/2021,30.02014058,1.814516785,67.18223572
7/30/2021,30.6484314,2.487068207,70.64666748
7/31/2021,29.85256856,1.459318338,69.05723572
8/1/2021,32.40968221,1.567326454,56.73581441
8/2/2021,32.05333353,1.405584176,58.76948039
8/3/2021,32.79959513,1.880466677,60.14600118
8/4/2021,29.28730673,0.988774777,71.14448547
8/5/2021,32.69076945,2.048751081,59.88637288
8/6/2021,29.84932862,2.021189624,65.65185547
8/7/2021,32.22231954,1.713823562,59.15405273
8/8/2021,32.29052123,1.665577469,64.45933024
8/9/2021,30.61966858,1.708061532,64.47540283
8/10/2021,32.37218628,1.483380578,53.6558787
8/11/2021,33.14752604,1.402080875,54.0973409
8/12/2021,33.76518656,1.523236821,55.76113383
8/13/2021,33.30661927,1.403084916,51.36281331
8/14/2021,28.88482564,1.130790295,60.30390422
8/15/2021,27.00495809,1.070304279,67.48522441
8/16/2021,32.24994303,1.856048073,32.3164622
8/17/2021,33.23532003,1.828662641,34.24151103
8/18/2021,34.21617534,1.46884005,29.42657471
8/19/2021,34.90811564,1.816043947,26.65377299
8/20/2021,34.70048929,2.019726207,22.97172546
8/21/2021,33.98286337,2.038990695,24.24341838
8/22/2021,33.1892741,1.457983422,39.27818298
8/23/2021,34.14363505,2.039301075,38.18677266
8/24/2021,35.53436686,2.233968403,33.35787455
8/25/2021,35.70078939,1.188868689,31.36441549
8/26/2021,34.77463684,1.619875858,39.60492452
8/27/2021,35.61581828,1.749398119,31.51850382
8/28/2021,30.47115479,1.11536419,54.58468119
8/29/2021,30.94794617,1.615787877,50.91219584
8/30/2021,30.11943969,1.655001689,55.90321859
8/31/2021,28.2771342,1.426065673,59.07318115
9/1/2021,32.31916707,2.546745211,38.10501099
9/2/2021,32.73632711,1.954094921,32.96722412
9/3/2021,32.98436381,1.678267584,31.5469869
9/4/2021,33.07689819,2.081839504,35.45468648
9/5/2021,33.28419392,1.833066587,37.72504171
9/6/2021,33.98197836,1.544242602,37.30873108
9/7/2021,33.09427796,1.771402497,46.10689799
9/8/2021,25.1817159,2.72833555,87.09416707
9/9/2021,28.58695882,1.510259124,70.76665243
9/10/2021,27.9225708,2.329989402,73.42066447
9/11/2021,27.40152893,2.133532862,74.74878947
9/12/2021,28.70549927,1.274580575,62.9292806
9/13/2021,30.89987082,1.669264025,55.77359517
9/14/2021,31.54699606,2.113623701,53.584493
9/15/2021,32.1249532,2.626826706,50.96130371
9/16/2021,32.3823995,2.840752305,44.65024312
9/17/2021,31.26962178,2.17912782,53.08392843
9/18/2021,31.18555603,1.702782885,61.71073914
9/19/2021,32.89597475,1.393768151,48.31550598
9/20/2021,31.99377848,1.632018395,52.42215474
9/21/2021,29.26940816,1.586025081,64.57514445
9/22/2021,31.1850881,1.928432263,43.27756246
9/23/2021,28.88820801,2.180306239,56.62305196
9/24/2021,29.81749369,1.998637021,52.81496684
9/25/2021,31.42115173,2.763587441,44.47273255
9/26/2021,31.85483703,2.083795786,41.48549398
9/27/2021,32.34158223,2.089641565,42.17389425
9/28/2021,33.33845418,2.476935791,38.64240011
9/29/2021,32.25762838,1.749897343,48.98048401
9/30/2021,31.44307861,2.214450142,55.21430969
10/1/2021,30.34253337,1.932224886,57.3009491
10/2/2021,28.8816213,0.838712279,61.8216451
10/3/2021,29.23713073,2.176309712,55.06314596
10/4/2021,29.93881632,1.8494354,52.76809692
10/5/2021,28.82756958,1.775898757,51.31568909
10/6/2021,30.43678691,2.623750161,35.46300252
10/7/2021,30.37728271,2.136086427,29.51766968
10/8/2021,30.28776449,2.057083095,36.33621216
10/9/2021,31.17945252,2.388686102,27.82615662
10/10/2021,26.296757,2.530720503,43.40049744
10/11/2021,26.51566467,3.07986607,41.76450094
10/12/2021,28.21481222,2.204010437,28.89086405
10/13/2021,28.89308065,2.357363313,21.13591512
10/14/2021,29.15778809,2.315744916,18.72653198
10/15/2021,29.78833923,1.966752646,5.780944824
10/16/2021,30.10152588,1.254842666,3.769378662
10/17/2021,27.47290445,5.129508139,35.95397949
10/18/2021,26.79906616,2.391231775,29.75400289
10/19/2021,27.34650066,3.533324504,26.38262431
10/20/2021,28.10938721,1.903431878,16.90615845
10/21/2021,28.75242513,2.139915871,15.6233724
10/22/2021,26.6442454,4.851011163,32.85736084
10/23/2021,20.50131123,1.092168146,62.33627319
10/24/2021,17.22745665,2.121457282,71.82818095
10/25/2021,20.86277161,1.890207176,56.43236796
10/26/2021,22.61658122,1.466862899,39.68241374
10/27/2021,23.45747782,2.258451739,39.45780436
10/28/2021,23.90834452,1.239643163,32.34848022
10/29/2021,24.43103943,1.332673876,23.00493876
10/30/2021,24.28647766,3.201438698,17.00551351
10/31/2021,24.39673767,2.181919945,14.90229289
11/1/2021,23.09989827,1.089332069,19.01189168
11/2/2021,23.31525574,1.014893926,15.91011047
11/3/2021,22.8732137,0.897945992,22.54549662
11/4/2021,22.15125937,1.066116513,24.91589864
11/5/2021,20.17073975,3.170513734,47.82079061
11/6/2021,21.84643962,2.835624223,27.1921285
11/7/2021,23.06648661,2.257505822,11.02152507
11/8/2021,22.37307129,2.101367763,13.34739685
11/9/2021,22.59199677,1.27045254,17.34653473
11/10/2021,23.73476562,1.238941451,18.36443583
11/11/2021,23.14035441,2.441445994,20.48085531
11/12/2021,22.85213623,2.413655779,13.65066528
11/13/2021,22.37608643,1.53345232,14.92138672
11/14/2021,22.01081746,1.247489432,9.965845744
11/15/2021,20.95128275,2.531091624,21.66193644
11/16/2021,21.54437663,1.110120032,15.40870666
11/17/2021,21.03031311,1.014753091,20.41353861
11/18/2021,20.59591064,1.711132379,20.61205546
11/19/2021,20.11535034,2.590571673,27.66601562
11/20/2021,20.32999573,1.627575893,30.07781982
11/21/2021,20.2321818,2.384925604,30.13191223
11/22/2021,20.62319845,2.642286124,15.56177775
11/23/2021,20.99218139,1.38724114,16.8218689
11/24/2021,20.76644287,0.872030709,32.17081706
11/25/2021,20.35815837,1.877065445,38.41725667
11/26/2021,20.40966695,1.149637021,24.36075846
11/27/2021,19.32132873,1.083436406,42.25850423
11/28/2021,19.35902812,1.484700918,32.14027405
11/29/2021,19.3738088,2.23508717,40.56416829
11/30/2021,19.47173971,2.190084205,24.65360006
12/1/2021,19.09068196,0.64085244,33.17006429
12/2/2021,19.11211548,1.226874261,38.74524434
12/3/2021,19.75283711,1.032715988,32.29054769
12/4/2021,20.42778422,1.685897848,28.59280904
12/5/2021,15.32969565,3.211151722,79.46645101
12/6/2021,16.99882914,2.423121118,61.79425558
12/7/2021,17.71564636,1.51783468,52.15179443
12/8/2021,18.11148479,1.879570232,38.12421163
12/9/2021,18.73153076,1.911036716,38.65943909
12/10/2021,18.50915935,1.914043957,30.35855611
12/11/2021,17.51937764,1.02394997,30.29680888
12/12/2021,15.23728841,0.655402679,42.26430257
12/13/2021,15.16690979,1.072576585,43.74791463
12/14/2021,13.7222585,1.826256898,62.28207906
12/15/2021,13.85960287,0.773338434,55.36173503
12/16/2021,12.52883301,1.590261163,54.90076701
12/17/2021,12.33930867,2.605233492,54.4841512
12/18/2021,13.78418885,1.089296481,40.17450968
12/19/2021,14.08686218,1.069796252,40.48983256
12/20/2021,13.8534078,1.394906295,42.27750142
12/21/2021,14.93236694,1.390055087,40.91827393
12/22/2021,15.83274232,0.726847026,43.9331309
12/23/2021,17.37665202,1.82181711,36.13123576
12/24/2021,17.88036499,1.172301943,38.47671509
12/25/2021,17.02157492,1.053188414,44.478302
12/26/2021,13.1406189,1.162824389,70.72799683
12/27/2021,13.02777507,1.619144305,71.15079244
12/28/2021,13.973408,2.788208759,53.99096171
12/29/2021,15.37549744,2.301812125,31.14550273
12/30/2021,15.41961568,1.011107182,32.18571981
12/31/2021,15.69110005,1.917762572,28.15241496
1/1/2022,13.96493937,1.161483914,37.28182475
1/2/2022,15.98710022,1.812423175,43.77360026
1/3/2022,14.40628459,1.52315524,53.62388611
1/4/2022,11.89212444,3.457352374,83.8369751
1/5/2022,10.31636963,3.062467508,89.53539531
1/6/2022,11.34087016,0.743764896,89.89639282
1/7/2022,11.83908997,1.706660019,90.37475586
1/8/2022,10.57384644,3.007899858,87.5087738
1/9/2022,12.89470317,1.862920855,70.87071737
1/10/2022,13.27587789,1.39088131,67.92599996
1/11/2022,15.42735189,1.922076487,47.43110657
1/12/2022,15.80407105,1.14332232,39.25849914
1/13/2022,15.22612407,0.896233031,31.64321899
1/14/2022,15.00367635,1.815930827,39.78416443
1/15/2022,13.83511759,0.991474029,47.3416392
1/16/2022,14.33980204,1.221619247,45.48505147
1/17/2022,13.55971171,2.754131608,66.00270589
1/18/2022,15.05183308,2.435492841,62.39718119
1/19/2022,12.24418538,2.227848664,79.8500824
1/20/2022,14.02312113,1.47664425,72.28329976
1/21/2022,13.00994263,1.279112144,86.0945638
1/22/2022,9.844145718,2.301357515,88.37979635
1/23/2022,10.26796367,2.163358256,84.24331665
1/24/2022,13.79114685,1.395745106,68.17209879
1/25/2022,14.17917785,2.716605337,67.70848592
1/26/2022,14.76698201,2.064640962,51.99920654
1/27/2022,14.66135051,2.366311957,47.65078227
1/28/2022,15.16939189,1.899396256,27.72476196
1/29/2022,16.59318441,1.947741839,35.44759115
1/30/2022,17.2668752,2.371682582,32.66853333
1/31/2022,16.88372701,1.38335776,43.42870077
2/1/2022,16.66696065,3.331692597,44.68121847
2/2/2022,14.76957092,1.037162752,47.10721334
2/3/2022,12.95594686,1.416108426,71.1882019
2/4/2022,11.86808167,1.258620271,75.07062276
2/5/2022,13.93581034,2.244388946,62.35877991
2/6/2022,14.71364238,1.048323098,61.00067139
2/7/2022,16.24367167,1.473683105,51.93166097
2/8/2022,17.42415263,1.281544751,36.35795593
2/9/2022,16.67256571,3.007897253,35.26095072
2/10/2022,17.11190185,3.229428808,27.63959249
2/11/2022,17.42990011,2.987842477,25.64521789
2/12/2022,18.7063741,1.664628878,14.43244934
2/13/2022,18.80470684,1.440833295,29.65756734
2/14/2022,18.64463196,1.390107896,39.06196594
2/15/2022,19.2804657,1.180530866,35.45049032
2/16/2022,19.04589233,2.021909669,38.88081868
2/17/2022,18.06515401,1.630359093,37.49443054
2/18/2022,18.35501505,2.653186003,34.37652588
2/19/2022,19.24556376,2.420651731,21.3260142
2/20/2022,19.26805522,4.95314482,21.48562113
2/21/2022,20.82224935,1.453268519,4.959615071
2/22/2022,18.13330995,4.054381514,44.97993469
2/23/2022,12.16004842,1.963152772,87.8351593
2/24/2022,16.03104553,0.826144967,75.58077494
2/25/2022,12.66063842,3.595609488,82.12931315
2/26/2022,14.62577209,2.221418535,70.58835347
2/27/2022,16.51880289,2.521427118,52.61540731
2/28/2022,17.99000448,1.562500071,33.62312317
3/1/2022,19.3806193,1.659185092,47.35145569
3/2/2022,20.48737488,1.605772966,43.3946228
3/3/2022,15.42603963,4.198454236,75.54946899
3/4/2022,19.3932841,2.762447547,55.88712057
3/5/2022,20.12688599,1.76191506,40.52523295
3/6/2022,18.11311239,1.211160686,62.7243042
3/7/2022,18.21172486,2.233453513,66.76994324
3/8/2022,21.1524648,1.910554499,49.5035553
3/9/2022,19.80053609,3.479088966,54.86760457
3/10/2022,22.26853841,3.186155693,41.15280151
3/11/2022,24.20862223,2.578320177,34.20028686
3/12/2022,25.04069418,2.326824603,30.1890564
3/13/2022,26.31955363,2.542642997,23.65033468
3/14/2022,28.4800354,2.252610862,19.17452494
3/15/2022,29.0678243,2.642494486,28.75498454
3/16/2022,29.46975606,3.011713558,23.41601054
3/17/2022,30.941863,2.163549831,15.75091044
3/18/2022,29.25275065,3.921280996,47.90379842
3/19/2022,25.620401,2.993618884,52.68099467
3/20/2022,27.4319753,1.386831166,42.38304138
3/21/2022,28.53767293,2.06951113,28.25248718
3/22/2022,28.49693197,2.942981321,16.36522929
3/23/2022,28.8519226,1.872272103,24.49569702
3/24/2022,27.28367004,2.717990644,26.04326884
3/25/2022,27.35890096,3.616419527,18.03677877
3/26/2022,28.29972229,3.343924469,12.35005697
3/27/2022,29.17772216,1.272292606,8.04006958
3/28/2022,29.10543213,1.520269028,5.666453044
3/29/2022,29.21837769,1.425036174,6.97382609
3/30/2022,29.40439759,2.637762543,11.55303955
3/31/2022,28.80137024,3.838985914,1.928710938
4/3/2022,29.36351929,2.290257078,0.402069092
4/13/2022,29.82222138,3.49386273,12.00386047
4/14/2022,30.2357015,1.628132519,2.843322754
4/15/2022,29.13378297,1.542690013,9.559834798
4/16/2022,30.34737549,1.462537238,4.173736572
4/19/2022,30.63271484,2.377656055,15.06350199
4/20/2022,30.60386352,2.252678586,12.60263062
4/21/2022,28.49347331,4.293126894,12.29894002
4/22/2022,26.9420105,1.903807882,25.98612467
4/23/2022,28.88164673,1.910760023,12.86047363
4/24/2022,29.83242187,3.522946812,2.857259114
4/25/2022,30.03325806,2.513415978,5.295715332
4/26/2022,30.57521973,1.41697243,5.686721802
5/3/2022,30.64389191,2.569946586,16.49120331
5/4/2022,24.67902017,2.79782454,48.1720225
5/5/2022,29.80982361,2.315355154,20.85235596
5/6/2022,30.43465578,2.056288374,12.49338786
5/7/2022,31.24779663,1.931272892,4.110870361
5/9/2022,34.83440552,4.410737728,4.121500651
5/10/2022,33.05586141,1.833852254,5.526072184
5/18/2022,32.58329671,1.784197038,1.396077474
5/20/2022,31.25419006,3.628440492,14.59955851
5/21/2022,32.64431152,3.046596079,3.606262207
5/22/2022,31.7472168,2.11349679,4.85168457
5/23/2022,26.75204365,3.015709928,28.82568359
5/24/2022,29.78092346,3.161151897,11.99951172
5/25/2022,31.36691182,2.617283518,12.17353821
5/26/2022,32.98808187,2.485544051,11.09507243
5/27/2022,34.33204549,2.338483929,5.916392008
5/28/2022,32.61786296,2.073330502,6.421203613
6/16/2022,35.11858521,2.489408591,6.133270264
6/17/2022,30.00697225,2.966891024,44.66082255
6/18/2022,30.87700297,1.928593562,33.24040731
6/19/2022,29.55202636,1.826243737,38.27303568
6/20/2022,28.6794932,1.629748675,30.4750824
6/21/2022,21.17826742,2.065466404,79.44641113
6/22/2022,23.76334533,3.329533716,72.77448018
6/23/2022,29.09142456,3.1181625,40.16708374
6/24/2022,33.08991903,2.281652557,19.98792013
6/25/2022,34.97292989,1.784348681,14.47786967
6/26/2022,35.37820587,1.718631381,14.13337708
6/27/2022,35.85994873,1.576670797,16.99584961
6/28/2022,37.27662558,1.876426262,7.649993897
6/29/2022,37.7309611,1.735598899,13.65381877
6/30/2022,34.77826335,4.0543074,47.52721151
7/1/2022,27.2892446,4.665550758,72.64172872
7/2/2022,32.51201783,1.374776737,53.96509806
7/3/2022,33.59827067,3.178497923,48.27133179
7/4/2022,32.94383138,2.043832155,53.35861206
7/5/2022,30.27014058,1.97053997,66.36037191
7/6/2022,31.46687215,2.564807864,63.23074341
7/7/2022,34.52157491,0.871409399,47.25751241
7/8/2022,34.87029928,1.678840828,48.14206441
7/9/2022,30.76077677,0.886913401,61.3331604
7/10/2022,29.7729838,0.784092886,65.58560689
7/11/2022,29.77881775,1.028546352,71.59820557
7/12/2022,31.59139912,0.933379471,59.30882772
7/13/2022,28.38168742,2.728178044,76.39737447
7/14/2022,25.6559845,1.035885945,76.18901571
7/15/2022,30.96835734,2.451612887,55.34746806
7/16/2022,31.78121338,2.916733728,55.87361654
7/17/2022,33.0602,2.053460406,45.87158203
7/18/2022,34.79593811,2.083888325,45.00119527
7/19/2022,35.99527893,1.725400443,35.0508372
7/20/2022,31.72874349,2.70199944,64.49737549
7/21/2022,25.60283813,4.904638753,89.63724772
7/22/2022,29.13058879,0.973088757,74.42517598
7/23/2022,28.86907348,1.904040906,74.87337748
7/24/2022,27.80631917,1.329818156,79.98753866
7/25/2022,28.44127808,2.649082773,77.39763896
7/26/2022,30.70512288,0.772430526,66.36065165
7/27/2022,29.40150858,1.105101644,76.15168254
7/28/2022,27.74570109,2.455445863,78.38946025
7/29/2022,27.56071879,2.055958272,77.78167725
7/30/2022,29.32672526,0.605566091,69.16216532
7/31/2022,30.57554526,1.866900617,64.41289266
8/1/2022,28.13178914,1.656528159,72.43570964
8/2/2022,31.41704204,2.017842853,57.64127096
8/3/2022,32.92222493,1.832050294,51.80587769
8/4/2022,33.33722839,1.534989541,46.13756816
8/5/2022,31.37428691,2.084006441,67.49254863
8/6/2022,31.26719564,1.28492383,64.64612325
8/7/2022,33.14750061,1.700240669,51.2874349
8/8/2022,32.53596395,1.476664911,56.35993958
8/9/2022,33.30259094,2.477042896,51.33244832
8/10/2022,35.25206401,2.465268491,42.96012878
8/11/2022,30.47685649,3.657339386,70.49753825
8/12/2022,32.836969,1.346139874,38.35116069
8/13/2022,35.24515686,1.518360827,33.21774801
8/14/2022,34.04631449,1.286029893,49.45490519
8/15/2022,27.2766103,2.28914435,79.8240153
8/16/2022,32.19475199,1.930694754,55.83218892
8/17/2022,28.52167664,1.067066592,78.11243693
8/18/2022,31.46764018,2.166039757,53.462677
8/19/2022,34.42890829,2.128722987,38.24493408
8/20/2022,32.01897074,2.752709087,54.62621053
8/21/2022,30.71986288,2.553180434,55.88434855
8/22/2022,32.45014343,2.573397823,44.2318217
8/23/2022,34.38674825,2.562594549,29.15685018
8/24/2022,26.03189495,2.758285027,81.22461955
8/25/2022,27.77314147,1.234827311,71.17266337
8/26/2022,28.96627197,0.933870914,67.32350667
8/27/2022,30.61600647,1.86391826,54.50475057
8/28/2022,32.78163046,2.039856904,34.76753235
8/29/2022,33.48882446,1.799446388,34.7110494
8/30/2022,34.13058879,2.396317986,35.26947021
8/31/2022,35.30788575,2.386384047,21.60614014
9/1/2022,35.8027893,1.685967901,10.80422974
9/2/2022,34.72061564,2.126999335,21.39994303
9/3/2022,35.53447876,1.178252495,21.63485209
9/4/2022,33.07341919,2.529079207,38.3614858
9/5/2022,28.21269125,1.700313868,65.03428141
9/6/2022,31.04798279,1.346549036,53.79694621
9/7/2022,32.98660176,1.70540017,43.79430135
9/8/2022,34.21205037,1.948899931,37.2517395
9/9/2022,34.15941263,1.379444508,31.90160116
9/10/2022,32.40681356,2.082250988,41.6640981
9/11/2022,27.57616068,0.886777758,68.9453125
9/12/2022,30.40074565,1.757428075,50.98528544
9/13/2022,32.02456564,2.016338678,40.34909566
9/14/2022,32.61457214,2.152970871,32.45325724
9/15/2022,33.01945394,2.093091449,29.66481527
9/16/2022,32.35352987,1.464694473,33.57198079
9/17/2022,29.73987731,0.768611903,36.91368103
9/18/2022,32.16617228,2.28432638,14.51833089
9/19/2022,33.25654297,1.255345705,16.75720215
9/20/2022,33.9494161,1.379134431,21.22721354
9/21/2022,33.19208985,1.154404043,19.87982178
9/22/2022,34.01022746,2.103704795,16.19074504
9/23/2022,33.39680888,1.704299839,24.26686605
9/24/2022,32.98625081,1.683476077,26.64980571
9/25/2022,29.00382894,2.29094051,48.29353333
9/26/2022,30.35310262,1.674977312,36.45464579
9/27/2022,31.44835306,1.607698213,32.958196
9/28/2022,31.74089457,1.779253097,29.33006287
9/29/2022,32.41746928,1.400093663,19.04197693
9/30/2022,32.48823954,1.365804839,23.48553975
10/1/2022,31.97893677,0.711198737,27.08295186
10/2/2022,29.55834859,2.422381234,26.19382222
10/3/2022,31.34568938,1.331507968,14.71813202
10/4/2022,31.20280355,3.261700145,5.399932861
10/5/2022,31.05210775,1.94181627,3.983510335
10/6/2022,29.6660604,2.683962217,19.39755758
10/7/2022,29.01264343,3.676265999,26.73756917
10/8/2022,28.30751952,2.757244418,25.09796143
10/9/2022,29.18978271,1.936695537,19.31894938
10/10/2022,28.07107951,1.83279463,28.87931824
10/11/2022,28.31873983,2.114493335,32.77155558
10/12/2022,27.38934224,2.102674912,27.9507192
10/13/2022,27.92774861,2.133603818,24.64566549
10/14/2022,28.26159667,2.305408896,16.45611572
10/15/2022,28.25041351,2.176934888,10.84625244
10/16/2022,28.36012421,1.785007386,15.21083832
10/17/2022,29.07039185,1.273979644,15.06213379
10/18/2022,28.01755371,1.201578628,18.17565918
10/19/2022,27.13234862,2.20414756,12.22494507
10/20/2022,21.66103007,3.15086384,47.88576762
10/21/2022,24.50259806,1.259122533,21.51977539
10/22/2022,25.68633932,0.673491913,13.29600016
10/23/2022,26.10355529,1.195705788,14.57275391
10/24/2022,25.50075683,1.507140253,16.60281372
10/25/2022,24.96164856,2.536692655,17.45029449
10/26/2022,27.03680828,1.180801244,14.81079102
10/27/2022,26.83195394,2.976823446,10.80599467
10/28/2022,26.14810334,1.88922205,15.79296112
10/29/2022,25.58464203,2.302605061,17.23381042
10/30/2022,26.47008667,2.07122067,14.40462748
10/31/2022,25.70816956,1.209019607,23.89981588
11/1/2022,26.08184714,1.516769426,23.30375671
11/2/2022,25.11099396,1.860564881,13.17871094
11/3/2022,25.8458725,1.149934931,13.86672974
11/4/2022,26.32336324,0.993358811,25.25405884
11/5/2022,21.61559957,2.5739716,57.34102885
11/6/2022,19.51093953,0.753672198,60.70541382
11/7/2022,20.21926269,2.361308073,55.87170919
11/8/2022,22.39307556,1.042623309,33.9524587
11/9/2022,17.86977031,3.456958022,70.47637939
11/10/2022,21.09395752,1.932554297,41.26080831
11/11/2022,21.37816264,2.522446437,24.45035299
11/12/2022,20.64105225,2.317247844,14.949646
11/13/2022,19.54565328,1.518289798,32.66535441
11/14/2022,14.18798727,1.651498884,83.37053935
11/15/2022,19.44568786,1.465197303,46.25249227
11/16/2022,19.539387,1.31781262,36.87530518
11/17/2022,20.09472046,3.289821769,35.91466268
11/18/2022,20.17403056,0.866167073,27.94792175
11/19/2022,18.27007446,1.798392156,53.32852682
11/20/2022,19.90256144,2.211260287,38.87957255
11/21/2022,21.31220398,2.117206047,26.03907267
11/22/2022,21.28689473,2.527148993,14.99013265
11/23/2022,20.93811035,1.910705488,15.24453735
11/24/2022,20.78668621,1.091789832,10.26331584
11/25/2022,20.96426799,0.821301654,25.52083333
11/26/2022,20.49771525,1.307058216,25.56098938
11/27/2022,20.44349061,1.152485223,32.67028809
11/28/2022,20.12501933,0.826805189,28.37453206
11/29/2022,20.12772522,1.531725422,28.02136739
11/30/2022,20.08056031,1.58816369,23.19402059
12/1/2022,19.70909017,1.702131916,23.32695007
12/2/2022,18.71917623,0.743862276,44.3851471
12/3/2022,18.50780131,1.301933605,52.07110087
12/4/2022,18.84619548,1.569918054,29.82449849
12/5/2022,18.43552042,1.057436974,34.82851664
12/6/2022,18.02671204,2.312118318,27.45361328
12/7/2022,18.41450399,2.332705057,23.32585653
12/8/2022,16.9761139,0.829258497,27.37584432
12/9/2022,19.02205302,0.957627379,33.26131185
12/10/2022,18.55255534,2.349931963,43.86899312
12/11/2022,17.9611908,2.165476628,33.77960205
12/12/2022,18.25856935,1.172030488,31.36171977
12/13/2022,17.97447611,3.317179901,36.78057353
12/14/2022,18.73116456,2.148161333,18.60778809
12/15/2022,18.81074931,2.225941665,17.56726583
12/16/2022,19.13654989,1.232620253,18.12505086
12/17/2022,18.6845693,1.393833787,31.84115092
12/18/2022,17.90840555,0.753013273,35.53174337
12/19/2022,17.06685791,1.120457748,41.37438456
12/20/2022,16.30574951,1.751806813,46.01585388
12/21/2022,16.21028544,1.147563533,42.2479248
12/22/2022,15.06272278,1.100977262,39.13922628
12/23/2022,12.88404744,1.090639871,48.54105632
12/24/2022,13.47813314,2.716631084,46.68449402
12/25/2022,12.81273804,1.281837831,47.92304993
12/26/2022,14.63809611,0.989356087,36.36522929
12/27/2022,14.7362559,2.437878856,32.61660258
12/28/2022,15.34931844,1.400388174,31.58711751
12/29/2022,11.13300985,2.040031544,68.52038066
12/30/2022,12.17795207,1.580223508,78.32387288
12/31/2022,15.33907979,2.638666479,53.64237467
1/1/2023,15.55298258,1.516698367,37.50775655
1/2/2023,14.80944213,1.696285803,43.11587016
1/3/2023,14.11012675,2.119713779,46.92919413
1/4/2023,14.08958334,1.28891081,31.79257711
1/5/2023,14.71501058,1.094387892,28.48813375
1/6/2023,11.49712524,0.754744786,46.95582072
1/7/2023,13.3548879,1.411314163,50.20345052
1/8/2023,12.71165873,1.500585395,73.59181722
1/9/2023,16.34150086,1.55581836,61.99521383
1/10/2023,15.6947469,1.887403343,58.42969259
1/11/2023,11.82380575,1.365084611,88.94294739
1/12/2023,10.34442037,1.027291981,89.06099955
1/13/2023,9.206302896,2.080974678,77.89952596
1/14/2023,12.52232768,2.352699726,64.79395549
1/15/2023,13.75540059,2.507934893,44.43697612
1/16/2023,13.28626913,2.258721246,46.98631287
1/17/2023,13.77645264,2.093824783,34.33621724
1/18/2023,14.1295105,1.533975426,37.62148539
1/19/2023,15.49571635,0.74396065,23.41997782
1/20/2023,13.67924906,0.638462217,57.82969157
1/21/2023,12.43468628,1.930225063,71.59744263
1/22/2023,13.60107321,1.17763967,66.26736959
1/23/2023,13.83082987,0.731397878,48.49362691
1/24/2023,12.66217957,2.393274772,73.03199768
1/25/2023,11.58021952,1.149859604,82.411321
1/26/2023,13.74211529,2.525567626,62.65411377
1/27/2023,16.25716043,2.256124956,41.37016296
1/28/2023,16.58116557,1.349949926,38.40148926
1/29/2023,16.40303956,2.684893593,45.27715047
1/30/2023,11.79669087,2.198012865,91.55700684
1/31/2023,14.86009114,2.881353745,65.91069539
2/1/2023,16.44963989,2.387030294,39.32622274
2/2/2023,18.22725321,2.05825164,42.93841044
2/3/2023,17.93944702,1.864017546,45.77334086
2/4/2023,19.65552165,3.312786686,41.11241659
2/5/2023,18.86843262,1.35093749,40.39914449
2/6/2023,16.1761617,0.781553374,66.79168701
2/7/2023,18.05896911,2.877399035,45.81100464
2/8/2023,18.26679891,1.509690051,35.00465393
2/9/2023,12.87446492,2.552676617,76.31619771
2/10/2023,16.22092082,2.784965923,59.05807495
2/11/2023,15.35572713,3.346288902,38.11714172
2/12/2023,14.94177144,3.813531635,28.81871541
2/13/2023,16.01268921,2.500583818,20.44565837
2/14/2023,20.14222107,2.057902062,19.75646973
2/15/2023,21.65431111,2.52940078,27.35905965
2/16/2023,23.02236328,1.320933918,30.74971517
2/17/2023,23.19941609,0.914021995,38.8419342
2/18/2023,23.18674622,0.86385627,36.08891805
2/19/2023,22.34723816,1.437488847,45.7337443
2/20/2023,19.2043752,3.518850708,58.98129781
2/21/2023,22.43864339,2.134073672,28.69054159
2/22/2023,22.12559916,0.911372533,16.32253011
2/23/2023,22.67142131,3.588940473,9.113032023
2/24/2023,22.85776672,1.538553705,7.346382141
2/25/2023,23.28681844,1.962213279,12.3181661
2/26/2023,22.20738627,1.825629186,33.07568868
2/27/2023,22.73731384,2.81257371,19.62348938
2/28/2023,19.19512838,0.766374899,44.28820292
3/1/2023,18.88529358,0.615258957,56.85279846
3/2/2023,18.77776489,0.709987722,67.71993001
3/3/2023,20.99844258,1.634086349,53.39413961
3/4/2023,22.23180033,1.215413804,42.75014242
3/5/2023,23.51824341,2.357965481,34.6114858
3/6/2023,23.85170898,2.424230314,25.92058818
3/7/2023,24.57660828,1.154859599,19.84700521
3/8/2023,25.4914388,1.56116318,13.1728363
3/9/2023,25.06953328,1.736761007,19.99160766
3/10/2023,25.34395243,1.927800822,20.83872477
3/11/2023,26.21729432,1.318993211,14.41200256
3/12/2023,24.76625468,3.203078139,39.07984416
3/13/2023,26.25816243,2.576785071,16.61160787
3/14/2023,26.60786133,2.460698591,10.74450684
3/15/2023,27.31735637,1.582166279,19.54330444
3/16/2023,21.98981628,1.605657903,51.48834229
3/17/2023,17.2685791,3.034600459,74.69945272
3/18/2023,20.38941854,3.016653287,55.15902201
3/19/2023,21.38603109,1.469503444,51.165212
3/20/2023,22.05160421,0.77316085,46.42692566
3/21/2023,18.80450338,1.252916094,66.13789876
3/22/2023,22.08784383,1.692883524,48.43228658
3/23/2023,19.5588267,0.646211705,69.67478434
3/24/2023,18.80270793,3.066528189,68.54810079
3/25/2023,16.76252645,1.800419506,73.15335592
3/26/2023,20.90421448,1.674517815,48.94175212
3/27/2023,23.0154002,2.311251497,42.22244263
3/28/2023,24.37085876,1.998316831,32.73979187
3/29/2023,23.27984009,2.310952225,48.38429769
3/30/2023,22.14885864,1.502914373,52.50139872
3/31/2023,18.3419637,0.999266145,77.00441996
4/1/2023,18.15993652,2.538314747,76.50881449
4/2/2023,21.3795461,1.685120556,57.41312663
4/3/2023,19.06172587,1.129791948,74.72577413
4/4/2023,21.00391032,1.35381294,56.6032664
4/5/2023,23.69233602,1.301000298,35.78135173
4/6/2023,23.09253845,0.981662253,42.88561503
4/7/2023,24.93242798,2.927741386,27.13404338
4/8/2023,27.33384603,2.073251691,14.6758016
4/9/2023,28.20238037,0.954097933,10.9928894
4/10/2023,27.54036865,2.599395979,13.28653971
4/11/2023,28.20680136,2.107763189,10.16611735
4/12/2023,28.58736572,2.655551817,8.641510009
4/13/2023,29.84489339,2.913549249,7.587941488
4/16/2023,29.26896057,5.489762601,11.25577291
4/17/2023,30.1897522,1.872873343,7.752723695
4/18/2023,23.14251607,4.551300709,62.00635274
4/19/2023,21.26103109,2.682724214,75.39370219
4/20/2023,21.64203288,1.421169293,61.34801229
4/21/2023,23.55040894,1.372406326,45.31133016
4/22/2023,23.06032714,1.98731352,34.95615641
4/23/2023,26.23568115,2.125452753,33.52452596
4/24/2023,28.96593628,1.974053153,11.74107869
4/25/2023,29.20681153,2.655858812,10.68875631
4/26/2023,29.10228881,1.465144617,11.26172384
4/27/2023,27.41229146,1.840248175,21.38079325
4/28/2023,25.5290212,3.955253156,35.2495575
4/29/2023,27.6373993,1.453140985,27.24227905
4/30/2023,28.39605103,1.711348656,27.59320577
5/1/2023,23.84275207,3.685412971,59.27767436
5/2/2023,20.24130147,1.160587545,77.23676046
5/3/2023,23.65685933,1.864098786,65.89113871
5/4/2023,24.483255,1.632150809,57.62334188
5/5/2023,26.63305054,1.92474432,39.86633301
5/6/2023,26.06749369,1.283154387,39.10527547
5/7/2023,25.21882019,1.505216616,44.10840352
5/8/2023,23.96697896,1.302783395,38.20281982
5/9/2023,26.60129191,2.084283303,22.0619456
5/10/2023,28.77245992,3.386427693,17.20146179
5/11/2023,31.06411134,1.398275576,1.893615723
5/13/2023,31.58395996,1.602038203,13.89071655
5/14/2023,30.04893392,1.117439266,12.30682373
5/15/2023,30.96474609,0.827976713,9.607849121
5/16/2023,31.23144938,1.630669244,5.125528971
5/17/2023,32.26519165,1.532534667,1.71081543
5/18/2023,30.00231832,1.187030414,16.7192332
5/19/2023,29.83639935,3.486533659,15.07832845
5/23/2023,33.33065184,2.446284401,5.560760498
5/24/2023,29.99949035,2.943956308,32.99479167
5/25/2023,28.04222514,3.126342977,42.79889425
5/26/2023,25.77869059,2.58109839,49.41480001
5/27/2023,29.08292542,1.984101097,24.3128713
5/28/2023,30.97404887,2.336311598,8.889897664
5/29/2023,28.02715454,2.097342042,50.59483846
5/30/2023,25.33459371,0.707518229,55.04559835
5/31/2023,22.49588928,1.132014719,77.97996521
6/1/2023,20.8004598,2.071661364,82.89441427
6/2/2023,27.03254598,1.799882514,47.1383667
6/3/2023,29.07098287,1.603531664,39.55319722
6/4/2023,30.58293051,1.078663701,35.19727071
6/5/2023,31.52549133,1.164148634,31.39404297
6/6/2023,32.18512878,0.971745748,16.62386576
6/7/2023,30.37466838,3.142722725,32.07244873
6/8/2023,32.13933207,1.319501466,33.94706726
6/9/2023,34.76350301,1.148695789,23.31410726
6/10/2023,36.01664124,1.81781454,16.01338704
6/11/2023,31.93956909,1.11879807,28.58192444
6/12/2023,34.83765869,1.406258939,13.72216797
6/13/2023,34.67670085,2.259435265,10.27618408
6/14/2023,33.24818319,0.353644596,23.21187337
6/15/2023,33.66807455,2.587913169,17.21511841
6/16/2023,33.23535055,2.395104647,25.42208354
6/17/2023,35.59902344,2.063847675,17.52367655
6/18/2023,36.70802714,2.789636771,14.7408549
6/19/2023,34.9391215,2.925077836,26.09105428
6/20/2023,37.26408285,2.397149206,20.89319865
6/21/2023,37.81335347,1.830858547,18.11790466
6/22/2023,39.03345642,2.289002364,17.14856466
6/23/2023,39.2520284,2.426078873,20.5082194
6/24/2023,38.44802247,2.654964521,24.61054484
6/25/2023,36.05907085,2.623072424,28.54418437
6/26/2023,30.16659953,2.95897574,54.30720011
6/27/2023,35.17711284,1.567232942,25.62878927
6/28/2023,32.31630351,2.173559313,49.84133403
6/29/2023,33.5557546,1.94995587,37.93876648
6/30/2023,30.76826375,1.205158227,53.93015544
7/1/2023,34.46266581,2.451627145,30.31316121
7/2/2023,36.07431946,2.700036953,24.42164103
7/3/2023,37.90548096,2.126636588,15.82560221
7/4/2023,32.99362082,2.087900751,41.87909444
7/5/2023,28.52390951,3.003385234,64.35910543
7/6/2023,31.66626383,1.056372121,42.98492432
7/7/2023,27.68822632,1.494198922,66.43384298
7/8/2023,29.44509786,1.745828093,60.11217753
7/9/2023,31.38275553,1.901614006,48.47170512
7/10/2023,32.12915446,2.53175873,43.41026306
7/11/2023,33.97978617,3.145231318,32.13630676
7/12/2023,34.98201396,2.251565785,33.63090515
7/13/2023,32.76258748,2.046712007,46.94272359
7/14/2023,34.47830098,1.78855561,42.15754191
7/15/2023,30.07643026,1.18452156,65.70813497
7/16/2023,30.56267192,2.66213727,67.77206421
7/17/2023,33.9345337,1.758713925,45.61988831
7/18/2023,33.23646952,2.372830765,62.23668416
7/19/2023,26.07058614,3.102124911,88.13723246
7/20/2023,32.21253866,0.966649869,59.76819356
7/21/2023,29.11909891,2.119313692,76.74873352
7/22/2023,29.31826172,3.723939658,76.53762817
7/23/2023,30.24795431,2.000416591,60.05549113
7/24/2023,33.05361328,1.209622107,48.50326538
7/25/2023,31.17792155,1.847017299,64.75367228
7/26/2023,32.49155578,1.976172794,60.49418131
7/27/2023,31.29700623,1.881100395,62.7947998
7/28/2023,30.63329468,1.050444578,66.62887573
7/29/2023,28.65719503,1.658900613,68.69135539
7/30/2023,32.18418274,2.352581674,50.86748759
7/31/2023,33.29060262,2.477425201,51.01013184
8/1/2023,33.94175618,1.90918083,43.88699849
8/2/2023,34.69290059,1.639542795,47.5189209
8/3/2023,32.30437113,1.42321822,55.01777649
8/4/2023,33.80258076,2.209135229,52.26020813
8/5/2023,30.99543151,1.677068792,64.09047445
8/6/2023,31.48074239,1.528954237,67.03885396
8/7/2023,30.63066507,1.310366224,61.70987447
8/8/2023,33.23772074,2.334024512,43.23140462
8/9/2023,34.59013266,2.057506621,37.85588582
8/10/2023,33.10482177,2.381084207,58.45456441
8/11/2023,32.33908488,1.570326234,54.37192281
8/12/2023,34.55403544,1.850138463,47.31236776
8/13/2023,35.7676534,1.99781416,37.43812561
8/14/2023,32.1689443,2.672215289,59.09413656
8/15/2023,31.3941742,1.561209423,54.7109731
8/16/2023,33.46366272,1.948496267,46.24725342
8/17/2023,33.35374857,2.299238139,46.93784078
8/18/2023,34.45009766,1.522575739,39.30826823
8/19/2023,34.82206624,1.737725942,38.14585368
8/20/2023,35.38233846,1.785341809,36.47450765
8/21/2023,36.11627095,1.875728646,34.93792216
8/22/2023,37.06700033,2.712025831,24.41736857
8/23/2023,36.88875732,2.520493916,29.99654134
8/24/2023,30.97482707,1.187841539,55.86207072
8/25/2023,30.63972881,1.376031048,56.09509786
8/26/2023,30.46715698,1.294107616,50.69000244
8/27/2023,32.86964315,2.06617918,29.3321228
8/28/2023,32.05265706,1.851022182,27.35796611
8/29/2023,32.80418803,2.503880397,33.32377116
8/30/2023,34.81507772,2.00285289,14.83146668
8/31/2023,35.11553853,1.659888994,25.2243042
9/1/2023,36.00012613,1.842143384,24.38672384
9/2/2023,36.37285767,1.721005807,19.72915649
9/3/2023,34.96768596,1.658739692,17.63287862
9/4/2023,34.9787028,1.213772256,17.73213704
9/5/2023,32.06270243,1.404609684,38.11462402
9/6/2023,33.93250936,2.099550569,28.58322143
9/7/2023,35.43359528,1.405655918,11.18846893
9/8/2023,35.58045349,1.406279271,11.33014679
9/9/2023,35.36579793,2.040865461,18.05384318
9/10/2023,34.42811991,2.792319374,34.3699646
9/11/2023,33.3220459,2.181760189,50.19861857
9/12/2023,34.47664286,2.150021433,42.29700724
9/13/2023,35.52236328,1.542737031,32.84990946
9/14/2023,35.18130391,1.914745498,42.34792074
9/15/2023,35.19280395,1.812016259,35.29576619
9/16/2023,30.21986796,1.895364444,57.92668661
9/17/2023,31.65643717,1.977112734,51.5780894
9/18/2023,29.87599081,1.812598516,57.31992086
9/19/2023,32.10946554,1.83819166,41.89336141
9/20/2023,33.90031332,2.079538754,33.51768494
9/21/2023,33.47432353,1.870969249,30.31265259
9/22/2023,29.26418966,1.405874976,47.1758016
9/23/2023,30.94322611,2.052300431,41.27710978
9/24/2023,30.68015443,1.533081791,38.49301656
9/25/2023,27.71344402,1.588109115,41.39945984
9/26/2023,30.77054749,1.701666253,18.31807454
9/27/2023,30.95370483,2.288954537,13.60983276
9/28/2023,31.79747924,2.16896727,16.50293986
9/29/2023,26.86637777,3.987618001,36.21981303
9/30/2023,29.3443161,2.373548289,14.24209595
10/1/2023,30.05202637,0.943722129,1.08215332
10/2/2023,30.27645264,1.104390149,1.017913818
10/7/2023,31.88026581,1.428508052,15.92006683
10/8/2023,31.83454793,3.214466632,15.85774739
10/9/2023,30.34261983,1.393213449,15.77593486
10/10/2023,27.04331868,1.195138412,23.13031514
10/11/2023,29.50040589,1.866646449,16.55947367
10/12/2023,29.18114625,1.798657495,15.59204102
10/13/2023,29.72931315,1.876211116,25.41671753
10/14/2023,24.68709209,1.572238303,54.76829529
10/15/2023,26.04304911,1.647947174,44.10919189
10/16/2023,17.43271281,1.856437064,85.57612101
10/17/2023,18.20809326,1.456807006,76.6649882
10/18/2023,21.50408325,1.921175677,56.63711548
10/19/2023,24.34617513,1.156142302,44.63256836
10/20/2023,25.22746175,1.399579444,46.23583476
10/21/2023,25.23215129,1.190771024,43.6265564
10/22/2023,22.65871584,1.505391631,58.63156637
10/23/2023,24.48920085,1.679073821,35.58619181
10/24/2023,25.74384969,1.253621297,38.20065816
10/25/2023,25.92407125,2.001641396,30.8728536
10/26/2023,25.87996826,1.88074668,30.00111898
10/27/2023,25.79075012,1.898519912,29.86422221
10/28/2023,25.89877726,2.198792282,35.88900248
10/29/2023,25.81455384,1.497396718,40.21321615
10/30/2023,25.54461568,1.400105412,47.05195109
10/31/2023,25.75525309,1.34108268,52.9460907
11/1/2023,25.88977458,1.168565835,47.22900391
11/2/2023,24.88004963,0.723669913,34.08864339
11/3/2023,24.93138528,1.668939614,33.64087423
11/4/2023,24.86250712,1.844300944,27.45079041
11/5/2023,24.13309631,1.602238009,27.3743693
11/6/2023,23.47035116,1.199205913,29.93339539
11/7/2023,22.28523153,1.70671673,36.62155151
11/8/2023,23.29345092,1.223493532,32.48560588
11/9/2023,23.14694621,1.800825198,34.78642782
11/10/2023,16.88937784,2.320175684,73.64524841
11/11/2023,19.01238404,2.642616806,65.32864888
11/12/2023,20.44869385,1.402108497,50.46351115
11/13/2023,21.04667053,1.2479026,47.90295919
11/14/2023,21.60605266,1.858028024,48.63616943
11/15/2023,22.74860027,1.723829615,33.69728088
11/16/2023,22.12727763,0.739468425,31.78316752
11/17/2023,21.81822103,1.306298795,28.4622701
11/18/2023,19.73677469,0.618543584,42.78882345
11/19/2023,20.40064392,0.781872801,36.14443461
11/20/2023,20.16286621,1.721759204,47.39242554
11/21/2023,20.57606405,1.755306192,40.84421794
11/22/2023,20.54375102,1.261124631,35.8972168
11/23/2023,18.68585102,1.490380187,55.69010417
11/24/2023,21.01748047,2.109791606,41.42908732
11/25/2023,20.73709513,1.025559735,35.37943522
11/26/2023,18.43185323,0.441197195,46.70288086
11/27/2023,18.92092284,0.921867569,45.39901733
11/28/2023,22.12858988,1.562128257,34.90023295
11/29/2023,20.33413086,1.187372217,42.32940674
11/30/2023,17.60530497,1.289898531,68.15546672
12/1/2023,18.67312521,2.34771534,55.3750356
12/2/2023,20.47080892,1.203777814,42.7435557
12/3/2023,19.56029155,0.831538648,40.84533692
12/4/2023,19.26295371,1.485208057,34.26010132
12/5/2023,18.22635295,1.116165791,42.95481364
12/6/2023,18.4391215,1.136723247,35.70592245
12/7/2023,19.72060038,1.392347788,26.18553162
12/8/2023,17.72650553,0.842115744,34.55991109
12/9/2023,17.39264831,1.599598391,36.79667155
12/10/2023,17.02690531,2.767856083,34.65227763
12/11/2023,16.71533611,1.124620768,38.64023844
12/12/2023,16.34605307,0.748591912,51.6536967
12/13/2023,16.14616293,1.211333964,43.17484538
12/14/2023,15.90522665,1.645683508,38.013738
12/15/2023,15.35198872,1.300933825,44.20298258
12/16/2023,14.1735321,0.677125232,55.00760396
12/17/2023,15.83587036,2.606974981,49.38532511
12/18/2023,16.90675252,2.644241995,41.15542094
12/19/2023,17.45214234,1.834619354,25.80136617
12/20/2023,17.98677978,1.805305865,26.54067993
12/21/2023,17.55044963,1.769763367,31.30971273
12/22/2023,16.05689393,1.457913333,44.66000875
12/23/2023,20.30201619,2.055371147,33.39144389
12/24/2023,16.78568421,1.319503556,55.56897481
12/25/2023,17.84443563,1.779346381,37.70337423
12/26/2023,17.95764058,1.22077318,42.99835205
12/27/2023,18.04582621,1.919057311,44.92721558
12/28/2023,17.66954447,1.111221891,33.96286011
12/29/2023,15.31548462,0.859015726,56.59344991
12/30/2023,14.92117717,1.128530931,61.09120687
12/31/2023,15.21483256,1.026019866,57.19215393
1/1/2024,15.09519349,1.571202546,58.89282227
1/2/2024,13.54385274,0.892313675,58.28699748
1/3/2024,12.49516703,1.027680903,63.95350138
1/4/2024,12.66895446,0.847608808,66.06892904
1/5/2024,13.91218465,0.804433641,53.93226623
1/6/2024,13.79473776,0.819450321,58.46880595
1/7/2024,13.35548808,0.652201567,48.66834005
1/8/2024,12.83080953,1.268455074,50.71497599
1/9/2024,13.54176736,1.456719677,54.70901489
1/10/2024,13.99073181,1.874310446,49.86506144
1/11/2024,14.00338643,0.7920048,45.0835673
1/12/2024,13.67235208,1.257571278,50.6582133
1/13/2024,14.49001465,1.498691278,53.86960348
1/14/2024,14.94081523,1.934232906,58.12703451
1/15/2024,14.68546956,1.447137819,50.54234823
1/16/2024,13.29289144,1.195927452,52.525177
1/17/2024,15.63505452,1.746797032,44.41246033
1/18/2024,15.37831523,2.092143347,48.1876119
1/19/2024,14.84931335,1.589510006,45.42289734
1/20/2024,11.88423055,1.450349556,71.98974609
1/21/2024,11.72512207,2.236547302,72.74500529
1/22/2024,11.37128092,1.020231386,63.34632874
1/23/2024,11.09263,1.649012769,71.01226807
1/24/2024,11.43305868,1.183998914,63.62131754
1/25/2024,11.81356201,1.00534415,64.31093852
1/26/2024,15.61991272,0.888729088,36.68411255
1/27/2024,16.56506247,2.59241784,41.67264303
1/28/2024,17.22388611,1.393287954,47.11916606
1/29/2024,16.01316222,0.931612655,57.1905009
1/30/2024,15.41448364,0.850957767,55.82722982
1/31/2024,12.0899699,1.861882276,86.52832031
2/1/2024,13.25393066,2.534979467,60.88165283
2/2/2024,14.41256104,2.883526009,34.31645711
2/3/2024,11.46495463,2.626687672,59.64769999
2/4/2024,11.99127604,0.820756902,71.76798503
2/5/2024,14.32185261,1.225143648,52.34158834
2/6/2024,15.3285614,2.234121636,40.12835185
2/7/2024,15.59717204,3.488131683,28.98000081
2/8/2024,17.80043437,3.762877987,12.75334676
2/9/2024,19.61803589,1.379904741,10.35654704
2/10/2024,19.30581055,1.832542488,16.62396749
2/11/2024,19.59999492,1.39662439,18.04428101
2/12/2024,19.37443949,1.111852818,16.89648946
2/13/2024,20.78733724,1.954141355,8.3152771
2/14/2024,21.03188475,2.84823786,2.411651611
2/15/2024,20.53216705,1.073943868,9.657936096
2/16/2024,21.52158,1.909404253,12.15634664
2/17/2024,21.01637166,1.486085356,24.52875773
2/18/2024,16.04424437,4.433145972,69.74065145
2/19/2024,13.50497335,8.720428206,84.88502503
2/20/2024,14.12466838,1.91952845,73.49919637
2/21/2024,16.72509155,2.194791436,39.43405151
2/22/2024,16.94157817,2.64908238,38.32310994
2/23/2024,16.76407267,2.217462121,28.72105916
2/24/2024,17.34112955,1.300840673,27.40412394
2/25/2024,17.18326213,0.689603997,26.22027079
2/26/2024,14.7394755,1.847824189,39.49684143
2/27/2024,17.6958608,1.50928785,35.4074351
2/28/2024,19.4231608,2.786644447,32.42958069
2/29/2024,17.91323751,1.64220429,41.53887431
3/1/2024,13.62922058,4.913884398,81.55092875
3/2/2024,14.63940836,7.465589838,90.56836446
3/3/2024,13.97574768,3.524657085,67.59348551
3/4/2024,15.52225138,0.628794765,37.06420898
3/5/2024,17.57151693,2.909721781,31.09369914
3/6/2024,18.31155802,1.377188155,35.34446716
3/7/2024,18.93635458,1.423615609,29.48944092
3/8/2024,20.25028381,2.74257403,34.43814596
3/9/2024,21.68584086,3.492793676,26.80414836
3/10/2024,20.61334634,1.727076681,29.21101888
3/11/2024,21.22345377,1.82441459,39.90458171
3/12/2024,23.5575297,0.956881135,23.36120606
3/13/2024,16.80770773,2.945469766,74.63923136
3/14/2024,19.14065451,1.466215198,51.15793864
3/15/2024,21.28867493,2.936815482,40.11594136
3/16/2024,23.33619079,1.668039399,25.6799825
3/17/2024,23.69335328,2.574709336,22.54666646
3/18/2024,24.79622294,1.967574157,15.89546204
3/19/2024,25.97869771,2.50302892,15.89447022
3/20/2024,26.20073242,1.395021275,10.74307251
3/21/2024,23.5784902,1.329045013,37.13061015
3/22/2024,21.3820638,1.545998878,67.84512838
3/23/2024,23.77402141,1.582305417,39.70652262
3/24/2024,24.99122518,2.226673713,37.18739827
3/25/2024,26.5189148,3.446968704,24.07641093
3/26/2024,24.95714213,2.409442333,31.99457804
3/27/2024,23.25910339,2.421798304,52.77125041
3/28/2024,24.33452758,1.444911165,54.55045064
3/29/2024,24.11800028,2.054656808,55.11286418
3/30/2024,21.75450541,2.75424422,60.69839477
3/31/2024,21.35469971,2.165834163,51.52582804
4/1/2024,24.44394328,2.953545818,32.54150391
4/2/2024,25.96324564,2.548175755,26.75931295
4/3/2024,24.00996297,2.323309581,42.43832906
4/4/2024,25.04417826,2.036846757,31.05260213
4/5/2024,25.99704386,3.195109046,19.4859314
4/6/2024,26.60307719,3.364720919,15.61925252
4/7/2024,27.50449524,1.894154232,8.104629517
4/8/2024,27.38156535,1.591225435,11.79260254
4/9/2024,28.63766887,0.745631806,6.833292643
4/10/2024,29.07461446,1.587254267,9.924163819
4/11/2024,27.96541239,2.499620079,9.240137735
4/12/2024,27.93935038,1.947645738,20.46854655
4/13/2024,19.07819011,3.323142513,73.75760396
4/14/2024,18.82598267,1.008906871,86.63904826
4/15/2024,19.8970988,2.919396576,80.16225179
4/16/2024,23.00560913,3.134069028,60.33955892
4/17/2024,26.15546569,2.615869313,40.80998739
4/18/2024,21.94969076,3.214627654,66.624705
4/19/2024,19.24145406,4.703150194,81.30170186
4/20/2024,21.62108256,2.806289492,66.79283142
4/21/2024,26.19240214,1.016741438,46.9258372
4/22/2024,27.45203044,1.235790268,34.95961507
4/23/2024,26.61809183,0.860342169,35.62253316
4/24/2024,27.58646545,2.062526199,35.0630188
4/25/2024,28.88498331,1.991991099,34.2443339
4/26/2024,26.68292135,1.504506255,53.47689311
4/27/2024,18.59376424,2.289408402,81.8338267
4/28/2024,21.64487611,2.280159693,67.19601949
4/29/2024,18.54124348,2.260386073,76.78301493
4/30/2024,20.59271138,3.418445942,57.25618998
5/1/2024,23.46663818,2.833705309,34.72607931
5/2/2024,26.39350281,3.120307244,26.97664897
5/3/2024,25.79118245,1.561497109,50.10052999
5/4/2024,26.80920308,3.052650887,34.7215271
5/5/2024,28.33364258,3.168486278,35.17621358
5/6/2024,31.33077901,2.303654002,27.76779175
5/7/2024,32.8655894,2.557017214,13.28447978
5/8/2024,33.5669113,1.358595606,8.794021607
5/9/2024,33.47561036,2.933612593,17.76059469
5/10/2024,29.73883971,2.224912475,39.4674174
5/11/2024,30.70149129,1.995862284,30.98999024
5/12/2024,27.26570536,2.945794044,42.01301575
5/13/2024,29.43805338,1.84884268,20.50175985
5/14/2024,30.57105916,1.768283941,16.33931478
5/15/2024,32.96052448,1.814627046,8.687388102
5/18/2024,34.11042175,3.009388302,0.106506348
6/5/2024,31.80083618,6.525848924,7.08114624
6/6/2024,31.36801555,1.491349864,9.831161498
6/7/2024,30.82274781,1.659516123,12.59142558
6/8/2024,31.16266276,1.776210516,11.70689901
6/21/2024,30.78901571,2.738958893,38.93580119
6/22/2024,33.06544393,1.088629968,19.63521322
6/23/2024,35.61353455,1.517566421,5.610198975
6/27/2024,37.14440816,3.13128525,18.76352946
6/28/2024,35.81611023,2.406918587,32.93482463
6/29/2024,35.0544983,2.207087057,36.7506663
6/30/2024,35.44957377,2.505343483,39.60894267
7/1/2024,35.22157695,1.833927148,47.64533997
7/2/2024,35.67499695,1.432123671,41.52648926
7/3/2024,37.66185404,1.624596203,30.80342611
7/4/2024,32.75108744,3.94653101,62.19327291
7/5/2024,31.3013092,1.980201773,66.59294128
7/6/2024,29.62964275,1.694478553,61.86780294
7/7/2024,29.46354574,1.101453165,63.41957092
7/8/2024,33.99656067,1.856666302,39.03739929
7/9/2024,33.64719035,2.595361875,52.95895894
7/10/2024,30.34453735,0.906669476,63.29081218
7/11/2024,33.18289083,2.7627258,55.16438802
7/12/2024,31.95502116,2.836549997,51.35177612
7/13/2024,33.53515015,1.279093056,37.37897237
7/14/2024,34.14594421,1.623108299,33.30024719
7/15/2024,34.58706055,1.389360418,21.72063192
7/16/2024,35.13957113,1.584221717,18.56211344
7/17/2024,37.63487143,1.972062162,17.9503123
7/18/2024,31.01542562,1.782273069,58.7487793
7/19/2024,34.04494629,2.817805788,43.33223979
7/20/2024,35.95687256,2.547712213,36.69202169
7/21/2024,37.2827647,2.604218305,28.71192932
7/22/2024,35.50981038,2.251617029,42.07796732
7/23/2024,31.61272583,3.004722688,62.16835022
7/24/2024,33.59277242,1.776038755,54.08495585
7/25/2024,36.39885355,2.374056827,40.20617167
7/26/2024,34.22060547,1.940280979,51.20661418
7/27/2024,35.77678324,3.114132501,48.57432048
7/28/2024,29.50751139,2.951246425,79.49272156
7/29/2024,29.30003763,2.534521572,78.06777954
7/30/2024,31.7405894,1.575516007,66.7633311
7/31/2024,36.26835531,2.389769862,38.03901673
8/1/2024,28.6370992,5.267354917,78.60234578
8/2/2024,35.59172465,1.285133009,29.53435262
8/3/2024,33.18283997,2.127292545,49.20425415
8/4/2024,30.8677714,1.941479239,63.15889994
8/5/2024,33.17361857,1.30434951,55.98467509
8/6/2024,33.89082234,1.080636062,50.76512655
8/7/2024,31.35878906,1.046432624,65.69826762
8/8/2024,31.49559428,1.946275481,63.97458394
8/9/2024,33.4242391,2.29751884,52.12020874
8/10/2024,32.3517802,2.171905631,69.8400116
8/11/2024,27.75696717,1.81673698,78.97288004
8/12/2024,31.95269165,2.515083087,53.87321472
8/13/2024,34.94272257,1.357386972,38.97516886
8/14/2024,34.07077942,1.657776697,54.93825277
8/15/2024,28.77649842,3.485273907,77.01339722
8/16/2024,31.58650614,1.177926987,63.82792155
8/17/2024,27.16750997,0.853448705,83.33198547
8/18/2024,31.58156738,1.215842291,63.44408671
8/19/2024,33.00485128,1.614214415,53.33389282
8/20/2024,29.22975057,1.645096188,70.1516215
8/21/2024,29.18533223,1.03876562,67.1719869
8/22/2024,32.73948059,2.546788315,47.2807312
8/23/2024,34.35291444,1.935987229,39.4678243
8/24/2024,34.20110982,2.103480231,45.49766541
8/25/2024,34.90840047,2.273606391,40.8993276
8/26/2024,34.75922038,2.516691367,35.06408691
8/27/2024,27.51707357,1.628616666,66.36339823
8/28/2024,27.32549947,1.075230344,74.73767598
8/29/2024,26.54551086,1.887689536,78.49520365
8/30/2024,24.93687846,1.468750362,82.63094584
8/31/2024,30.65603027,2.973109805,55.89360555
9/1/2024,33.14842632,1.666838958,48.30355326
9/2/2024,30.74148457,2.366191783,65.98993937
9/3/2024,28.65033366,0.933824689,69.77686564
9/4/2024,31.42293702,2.46575976,58.01762899
9/5/2024,31.45451762,1.728643371,61.06763204
9/6/2024,31.5679769,1.670647445,53.67436727
9/7/2024,29.34964397,1.369336169,65.87211609
9/8/2024,32.18766174,2.461752624,51.85628255
9/9/2024,33.53969219,2.297594217,41.50461833
9/10/2024,33.40525208,1.940630239,42.91191101
9/11/2024,33.49996338,2.435793311,28.28364054
9/12/2024,34.26231282,2.575589652,26.18003845
9/13/2024,33.69901428,3.482107043,34.68444824
9/14/2024,28.83695882,1.640607148,59.49897766
9/15/2024,31.43710734,2.694209084,40.18107096
9/16/2024,32.42511393,2.600796956,28.38012695
9/17/2024,33.07299703,2.495113984,30.87300619
9/18/2024,33.73358562,1.829239635,16.95630391
9/19/2024,33.57024535,1.800276092,14.48516846
9/20/2024,34.59334716,0.927191952,13.07254791
9/21/2024,35.06799214,1.690336315,19.66209412
9/22/2024,35.0873759,1.946261452,23.97084554
9/23/2024,35.55463561,1.928477634,20.47164917
9/24/2024,36.20255432,1.62505052,14.36553955
9/25/2024,36.39065451,1.610736077,19.46243286
9/26/2024,33.41033326,1.411047221,45.13750712
9/27/2024,25.79611614,1.554356355,70.28930664
9/28/2024,28.24608257,1.42847506,62.04137166
9/29/2024,29.71001586,2.314903715,57.2256724
9/30/2024,30.46302184,3.704377488,44.43659464
10/1/2024,31.98750203,2.588490103,21.81882222
10/2/2024,32.26167705,1.68318632,21.93382263
10/3/2024,32.16940715,1.670081663,19.4178009
10/4/2024,32.33104351,1.364021876,26.08779907
10/5/2024,31.9256429,1.464781198,25.15680949
10/6/2024,27.879068,1.842002628,36.57305399
10/7/2024,29.22682597,1.6793345,27.16885885
10/8/2024,28.15720011,0.974260957,36.09347026
10/9/2024,27.49974467,2.199451807,26.66483561
10/10/2024,28.62627563,1.70803936,18.3484904
10/11/2024,29.25054931,2.597900058,12.17327881
10/12/2024,29.0613266,1.37777202,14.98001099
10/13/2024,29.08151399,1.342192145,17.25131989
10/14/2024,29.80839437,1.971266058,18.66884867
10/15/2024,29.00707397,2.00390087,10.74378967
10/16/2024,29.40471802,1.416198117,12.6235199
10/17/2024,29.92028707,1.87073741,17.0199585
10/18/2024,29.77864482,1.998216406,13.11485291
10/19/2024,28.78840027,1.486480556,17.53223419
10/20/2024,28.69271749,1.653836781,27.18638102
10/21/2024,28.70797627,1.965239098,32.54842122
10/22/2024,27.81573385,1.595174545,39.49979146
10/23/2024,26.88702799,2.263703831,38.88371785
10/24/2024,28.28939718,3.313456019,16.34061178
10/25/2024,27.95277557,2.414841708,14.0871048
10/26/2024,28.05882162,2.845516916,8.627471923
10/27/2024,28.49538575,0.69384108,11.70480347
10/28/2024,27.54389343,1.229952955,40.00460307
10/29/2024,23.88652955,2.424879149,61.63650513
10/30/2024,25.96546326,2.054576922,38.27033997
10/31/2024,27.29124858,3.101013103,17.3336792
11/1/2024,26.643927,1.898732717,13.7548523
11/2/2024,26.06720378,1.717797584,23.29455058
11/3/2024,25.44033966,1.524482835,16.3306427
11/4/2024,26.26797384,2.522892188,21.44233704
11/5/2024,26.00238444,0.961450319,20.58776856
11/6/2024,25.80455932,2.298502732,21.67818705
11/7/2024,24.92561746,0.829573026,32.81288147
11/8/2024,24.63372192,1.731184261,47.20726013
11/9/2024,24.82451783,1.51535618,46.2755839
11/10/2024,24.06538289,1.329824452,56.92721049
11/11/2024,21.00503438,1.149022402,68.05643717
11/12/2024,21.71977641,1.878235221,44.93143717
11/13/2024,22.13720093,0.672781428,26.07421875
11/14/2024,19.92936096,1.162834704,62.91544597
11/15/2024,19.45226441,2.539280632,59.20979818
11/16/2024,19.3874349,2.012049884,57.02364604
11/17/2024,20.84517822,2.167742273,39.36518351
11/18/2024,21.25215556,1.693849034,19.32594299
11/19/2024,20.90048116,1.43395784,18.6501058
11/20/2024,20.66103008,1.654293986,20.19439697
11/21/2024,20.26198731,1.832048281,31.57676697
11/22/2024,19.94888713,0.968478858,37.25502014
11/23/2024,19.06297708,0.852691733,46.22777303
11/24/2024,20.52704264,2.04222005,41.07228597
11/25/2024,20.63843689,1.945892446,27.29553223
11/26/2024,20.0497884,1.148054634,21.27779643
11/27/2024,20.11214091,1.03128324,17.89588928
11/28/2024,19.02130025,0.582744188,22.92330424
11/29/2024,17.88493245,2.03183415,39.69502767
11/30/2024,19.32651672,1.103169898,36.90231323
12/1/2024,20.05648193,0.962187654,36.5755717
12/2/2024,20.43397929,1.260392431,28.65509033
12/3/2024,19.41837972,2.582743045,31.90200806
12/4/2024,19.0481252,2.761067299,20.83483378
12/5/2024,18.77371624,1.588804836,13.11711629
12/6/2024,17.7794586,2.445968164,15.05472819
12/7/2024,16.5783732,1.20121137,23.22046916
12/8/2024,15.19450785,0.943659751,51.65176392
12/9/2024,15.15143738,1.781882838,20.29612223
12/10/2024,14.71460571,1.825269107,13.81838989
12/11/2024,15.13193156,1.081587208,15.14582316
12/12/2024,15.86561482,0.82001881,19.40101624
12/13/2024,15.8340037,3.013827085,20.24289449
12/14/2024,15.77386628,1.606773589,13.47007751
12/15/2024,16.06812439,0.800620841,16.80720011
12/16/2024,15.9502706,1.266114516,16.93064372
12/17/2024,16.15164083,1.453606803,19.46301778
12/18/2024,14.23473511,0.90897634,33.22644552
12/19/2024,15.57158304,1.237625802,21.23972575
12/20/2024,15.04851684,1.609268836,24.98883565
