<?xml version="1.0" encoding="UTF-8"?>
<metadata xml:lang="en"><Esri><CreaDate>20241202</CreaDate><CreaTime>09153500</CreaTime><ArcGISFormat>1.0</ArcGISFormat><SyncOnce>TRUE</SyncOnce><DataProperties><itemProps><itemLocation><linkage Sync="TRUE">file://\\EMMANUEL\C$\GIS\Nigeria Forest Reserve Shape File\Nigeria Forest Reserve Shape File\Forest_Reserves</linkage><protocol Sync="TRUE">Local Area Network</protocol></itemLocation></itemProps><copyHistory><copy source="C:\GIS\Nigeria Forest Reserve Shape File\Forest_Reserves" dest="\\EMMANUEL\C$\GIS\Nigeria Forest Reserve Shape File\Nigeria Forest Reserve Shape File\Forest_Reserves" date="20190327" time="16314700"></copy></copyHistory></DataProperties></Esri></metadata>
